Disease,User Question,AI Response,Unnamed: 3
flu,What is flu?,"flu is a medical condition characterized by fever,cough,sore throat,runny or stuffy nose,muscle aches,headache,fatigue. It can result from various factors like infections, genetic predisposition, or lifestyle habits. Early diagnosis and treatment can help manage it effectively.",
flu,What causes flu?,"The causes of flu vary but often include factors like infections, environmental exposure, genetic mutations, and poor lifestyle habits. A family doctor,urgent care can help identify the specific cause in your case.",
flu,What are the symptoms of flu?,"Common symptoms of flu include fever,cough,sore throat,runny or stuffy nose,muscle aches,headache,fatigue. If you experience these symptoms, it is advisable to consult a family doctor,urgent care for proper evaluation.",
flu,How is flu diagnosed?,"flu is diagnosed using methods such as physical examinations, blood tests, imaging scans, and laboratory tests. A family doctor,urgent care will determine the best approach based on your symptoms.",
flu,What treatments are available for flu?,"Treatment for flu typically includes over-the-counter medications,rest,fluids, along with lifestyle modifications and medications. Consultation with a family doctor,urgent care is essential for proper treatment guidance.",
flu,Which doctor should I consult for flu?,"If you have flu, you should consult a family doctor,urgent care, who specializes in diagnosing and treating this condition.",
flu,What foods should I eat or avoid if I have flu?,"A recommended diet for flu includes nutrient-rich foods like leafy greens, lean proteins, and whole grains. Avoid processed foods, high sugar, and excessive salt.",
flu,How can I prevent flu?,"Preventing flu involves maintaining a healthy lifestyle, regular exercise, proper diet, and avoiding risk factors such as smoking or alcohol consumption.",
flu,When should I seek medical help for flu?,"Seek medical help if you experience persistent or worsening symptoms of flu, such as fever,cough,sore throat,runny or stuffy nose,muscle aches,headache,fatigue. Early intervention can prevent complications.",
flu,Are there any home remedies for flu?,"Some home remedies for flu include staying hydrated, consuming anti-inflammatory foods, and getting enough rest. However, professional medical advice is recommended.",
flu,Can flu be cured completely?,"Some cases of flu can be cured completely with early detection and proper treatment, while others require lifelong management. A family doctor,urgent care can guide you based on your condition.",
flu,Is flu contagious?,"Whether flu is contagious depends on its cause. If it's due to a viral or bacterial infection, it may spread through close contact. Consult a family doctor,urgent care for more details.",
flu,How does flu affect daily life?,"flu can impact daily activities by causing discomfort, fatigue, or limiting mobility. With proper treatment and lifestyle adjustments, many people successfully manage it.",
bronchitis,What is bronchitis?,"bronchitis is a medical condition characterized by cough,mucus production,shortness of breath,chest pain. It can result from various factors like infections, genetic predisposition, or lifestyle habits. Early diagnosis and treatment can help manage it effectively.",
bronchitis,What causes bronchitis?,"The causes of bronchitis vary but often include factors like infections, environmental exposure, genetic mutations, and poor lifestyle habits. A family doctor,pulmonologist can help identify the specific cause in your case.",
bronchitis,What are the symptoms of bronchitis?,"Common symptoms of bronchitis include cough,mucus production,shortness of breath,chest pain. If you experience these symptoms, it is advisable to consult a family doctor,pulmonologist for proper evaluation.",
bronchitis,How is bronchitis diagnosed?,"bronchitis is diagnosed using methods such as physical examinations, blood tests, imaging scans, and laboratory tests. A family doctor,pulmonologist will determine the best approach based on your symptoms.",
bronchitis,What treatments are available for bronchitis?,"Treatment for bronchitis typically includes antibiotics,over-the-counter medications,rest,fluids, along with lifestyle modifications and medications. Consultation with a family doctor,pulmonologist is essential for proper treatment guidance.",
bronchitis,Which doctor should I consult for bronchitis?,"If you have bronchitis, you should consult a family doctor,pulmonologist, who specializes in diagnosing and treating this condition.",
bronchitis,What foods should I eat or avoid if I have bronchitis?,"A recommended diet for bronchitis includes nutrient-rich foods like leafy greens, lean proteins, and whole grains. Avoid processed foods, high sugar, and excessive salt.",
bronchitis,How can I prevent bronchitis?,"Preventing bronchitis involves maintaining a healthy lifestyle, regular exercise, proper diet, and avoiding risk factors such as smoking or alcohol consumption.",
bronchitis,When should I seek medical help for bronchitis?,"Seek medical help if you experience persistent or worsening symptoms of bronchitis, such as cough,mucus production,shortness of breath,chest pain. Early intervention can prevent complications.",
bronchitis,Are there any home remedies for bronchitis?,"Some home remedies for bronchitis include staying hydrated, consuming anti-inflammatory foods, and getting enough rest. However, professional medical advice is recommended.",
bronchitis,Can bronchitis be cured completely?,"Some cases of bronchitis can be cured completely with early detection and proper treatment, while others require lifelong management. A family doctor,pulmonologist can guide you based on your condition.",
bronchitis,Is bronchitis contagious?,"Whether bronchitis is contagious depends on its cause. If it's due to a viral or bacterial infection, it may spread through close contact. Consult a family doctor,pulmonologist for more details.",
bronchitis,How does bronchitis affect daily life?,"bronchitis can impact daily activities by causing discomfort, fatigue, or limiting mobility. With proper treatment and lifestyle adjustments, many people successfully manage it.",
pneumonia,What is pneumonia?,"pneumonia is a medical condition characterized by fever,cough,shortness of breath,chest pain,fatigue. It can result from various factors like infections, genetic predisposition, or lifestyle habits. Early diagnosis and treatment can help manage it effectively.",
pneumonia,What causes pneumonia?,"The causes of pneumonia vary but often include factors like infections, environmental exposure, genetic mutations, and poor lifestyle habits. A family doctor,pulmonologist can help identify the specific cause in your case.",
pneumonia,What are the symptoms of pneumonia?,"Common symptoms of pneumonia include fever,cough,shortness of breath,chest pain,fatigue. If you experience these symptoms, it is advisable to consult a family doctor,pulmonologist for proper evaluation.",
pneumonia,How is pneumonia diagnosed?,"pneumonia is diagnosed using methods such as physical examinations, blood tests, imaging scans, and laboratory tests. A family doctor,pulmonologist will determine the best approach based on your symptoms.",
pneumonia,What treatments are available for pneumonia?,"Treatment for pneumonia typically includes antibiotics,over-the-counter medications,rest,fluids, along with lifestyle modifications and medications. Consultation with a family doctor,pulmonologist is essential for proper treatment guidance.",
pneumonia,Which doctor should I consult for pneumonia?,"If you have pneumonia, you should consult a family doctor,pulmonologist, who specializes in diagnosing and treating this condition.",
pneumonia,What foods should I eat or avoid if I have pneumonia?,"A recommended diet for pneumonia includes nutrient-rich foods like leafy greens, lean proteins, and whole grains. Avoid processed foods, high sugar, and excessive salt.",
pneumonia,How can I prevent pneumonia?,"Preventing pneumonia involves maintaining a healthy lifestyle, regular exercise, proper diet, and avoiding risk factors such as smoking or alcohol consumption.",
pneumonia,When should I seek medical help for pneumonia?,"Seek medical help if you experience persistent or worsening symptoms of pneumonia, such as fever,cough,shortness of breath,chest pain,fatigue. Early intervention can prevent complications.",
pneumonia,Are there any home remedies for pneumonia?,"Some home remedies for pneumonia include staying hydrated, consuming anti-inflammatory foods, and getting enough rest. However, professional medical advice is recommended.",
pneumonia,Can pneumonia be cured completely?,"Some cases of pneumonia can be cured completely with early detection and proper treatment, while others require lifelong management. A family doctor,pulmonologist can guide you based on your condition.",
pneumonia,Is pneumonia contagious?,"Whether pneumonia is contagious depends on its cause. If it's due to a viral or bacterial infection, it may spread through close contact. Consult a family doctor,pulmonologist for more details.",
pneumonia,How does pneumonia affect daily life?,"pneumonia can impact daily activities by causing discomfort, fatigue, or limiting mobility. With proper treatment and lifestyle adjustments, many people successfully manage it.",
heart attack,What is heart attack?,"heart attack is a medical condition characterized by chest pain,shortness of breath,nausea,vomiting,lightheadedness,sweating. It can result from various factors like infections, genetic predisposition, or lifestyle habits. Early diagnosis and treatment can help manage it effectively.",
heart attack,What causes heart attack?,"The causes of heart attack vary but often include factors like infections, environmental exposure, genetic mutations, and poor lifestyle habits. A cardiologist can help identify the specific cause in your case.",
heart attack,What are the symptoms of heart attack?,"Common symptoms of heart attack include chest pain,shortness of breath,nausea,vomiting,lightheadedness,sweating. If you experience these symptoms, it is advisable to consult a cardiologist for proper evaluation.",
heart attack,How is heart attack diagnosed?,"heart attack is diagnosed using methods such as physical examinations, blood tests, imaging scans, and laboratory tests. A cardiologist will determine the best approach based on your symptoms.",
heart attack,What treatments are available for heart attack?,"Treatment for heart attack typically includes emergency medical services, along with lifestyle modifications and medications. Consultation with a cardiologist is essential for proper treatment guidance.",
heart attack,Which doctor should I consult for heart attack?,"If you have heart attack, you should consult a cardiologist, who specializes in diagnosing and treating this condition.",
heart attack,What foods should I eat or avoid if I have heart attack?,"A recommended diet for heart attack includes nutrient-rich foods like leafy greens, lean proteins, and whole grains. Avoid processed foods, high sugar, and excessive salt.",
heart attack,How can I prevent heart attack?,"Preventing heart attack involves maintaining a healthy lifestyle, regular exercise, proper diet, and avoiding risk factors such as smoking or alcohol consumption.",
heart attack,When should I seek medical help for heart attack?,"Seek medical help if you experience persistent or worsening symptoms of heart attack, such as chest pain,shortness of breath,nausea,vomiting,lightheadedness,sweating. Early intervention can prevent complications.",
heart attack,Are there any home remedies for heart attack?,"Some home remedies for heart attack include staying hydrated, consuming anti-inflammatory foods, and getting enough rest. However, professional medical advice is recommended.",
heart attack,Can heart attack be cured completely?,"Some cases of heart attack can be cured completely with early detection and proper treatment, while others require lifelong management. A cardiologist can guide you based on your condition.",
heart attack,Is heart attack contagious?,"Whether heart attack is contagious depends on its cause. If it's due to a viral or bacterial infection, it may spread through close contact. Consult a cardiologist for more details.",
heart attack,How does heart attack affect daily life?,"heart attack can impact daily activities by causing discomfort, fatigue, or limiting mobility. With proper treatment and lifestyle adjustments, many people successfully manage it.",
stroke,What is stroke?,"stroke is a medical condition characterized by sudden weakness,numbness on one side of the body,confusion,difficulty speaking,trouble seeing in one eye,severe headache. It can result from various factors like infections, genetic predisposition, or lifestyle habits. Early diagnosis and treatment can help manage it effectively.",
stroke,What causes stroke?,"The causes of stroke vary but often include factors like infections, environmental exposure, genetic mutations, and poor lifestyle habits. A neurologist  can help identify the specific cause in your case.",
stroke,What are the symptoms of stroke?,"Common symptoms of stroke include sudden weakness,numbness on one side of the body,confusion,difficulty speaking,trouble seeing in one eye,severe headache. If you experience these symptoms, it is advisable to consult a neurologist  for proper evaluation.",
stroke,How is stroke diagnosed?,"stroke is diagnosed using methods such as physical examinations, blood tests, imaging scans, and laboratory tests. A neurologist  will determine the best approach based on your symptoms.",
stroke,What treatments are available for stroke?,"Treatment for stroke typically includes emergency medical services, along with lifestyle modifications and medications. Consultation with a neurologist  is essential for proper treatment guidance.",
stroke,Which doctor should I consult for stroke?,"If you have stroke, you should consult a neurologist , who specializes in diagnosing and treating this condition.",
stroke,What foods should I eat or avoid if I have stroke?,"A recommended diet for stroke includes nutrient-rich foods like leafy greens, lean proteins, and whole grains. Avoid processed foods, high sugar, and excessive salt.",
stroke,How can I prevent stroke?,"Preventing stroke involves maintaining a healthy lifestyle, regular exercise, proper diet, and avoiding risk factors such as smoking or alcohol consumption.",
stroke,When should I seek medical help for stroke?,"Seek medical help if you experience persistent or worsening symptoms of stroke, such as sudden weakness,numbness on one side of the body,confusion,difficulty speaking,trouble seeing in one eye,severe headache. Early intervention can prevent complications.",
stroke,Are there any home remedies for stroke?,"Some home remedies for stroke include staying hydrated, consuming anti-inflammatory foods, and getting enough rest. However, professional medical advice is recommended.",
stroke,Can stroke be cured completely?,"Some cases of stroke can be cured completely with early detection and proper treatment, while others require lifelong management. A neurologist  can guide you based on your condition.",
stroke,Is stroke contagious?,"Whether stroke is contagious depends on its cause. If it's due to a viral or bacterial infection, it may spread through close contact. Consult a neurologist  for more details.",
stroke,How does stroke affect daily life?,"stroke can impact daily activities by causing discomfort, fatigue, or limiting mobility. With proper treatment and lifestyle adjustments, many people successfully manage it.",
cancer,What is cancer?,"cancer is a medical condition characterized by lump,unexplained weight loss,fatigue,changes in bowel,bladder habits,persistent cough,indigestion,unexplained bleeding or discharge. It can result from various factors like infections, genetic predisposition, or lifestyle habits. Early diagnosis and treatment can help manage it effectively.",
cancer,What causes cancer?,"The causes of cancer vary but often include factors like infections, environmental exposure, genetic mutations, and poor lifestyle habits. A oncologist can help identify the specific cause in your case.",
cancer,What are the symptoms of cancer?,"Common symptoms of cancer include lump,unexplained weight loss,fatigue,changes in bowel,bladder habits,persistent cough,indigestion,unexplained bleeding or discharge. If you experience these symptoms, it is advisable to consult a oncologist for proper evaluation.",
cancer,How is cancer diagnosed?,"cancer is diagnosed using methods such as physical examinations, blood tests, imaging scans, and laboratory tests. A oncologist will determine the best approach based on your symptoms.",
cancer,What treatments are available for cancer?,"Treatment for cancer typically includes surgery,chemotherapy,radiation therapy , along with lifestyle modifications and medications. Consultation with a oncologist is essential for proper treatment guidance.",
cancer,Which doctor should I consult for cancer?,"If you have cancer, you should consult a oncologist, who specializes in diagnosing and treating this condition.",
cancer,What foods should I eat or avoid if I have cancer?,"A recommended diet for cancer includes nutrient-rich foods like leafy greens, lean proteins, and whole grains. Avoid processed foods, high sugar, and excessive salt.",
cancer,How can I prevent cancer?,"Preventing cancer involves maintaining a healthy lifestyle, regular exercise, proper diet, and avoiding risk factors such as smoking or alcohol consumption.",
cancer,When should I seek medical help for cancer?,"Seek medical help if you experience persistent or worsening symptoms of cancer, such as lump,unexplained weight loss,fatigue,changes in bowel,bladder habits,persistent cough,indigestion,unexplained bleeding or discharge. Early intervention can prevent complications.",
cancer,Are there any home remedies for cancer?,"Some home remedies for cancer include staying hydrated, consuming anti-inflammatory foods, and getting enough rest. However, professional medical advice is recommended.",
cancer,Can cancer be cured completely?,"Some cases of cancer can be cured completely with early detection and proper treatment, while others require lifelong management. A oncologist can guide you based on your condition.",
cancer,Is cancer contagious?,"Whether cancer is contagious depends on its cause. If it's due to a viral or bacterial infection, it may spread through close contact. Consult a oncologist for more details.",
cancer,How does cancer affect daily life?,"cancer can impact daily activities by causing discomfort, fatigue, or limiting mobility. With proper treatment and lifestyle adjustments, many people successfully manage it.",
diabetes,What is diabetes?,"diabetes is a medical condition characterized by increased thirst,frequent urination,unexplained weight loss,fatigue,blurred vision,cuts that are slow to heal. It can result from various factors like infections, genetic predisposition, or lifestyle habits. Early diagnosis and treatment can help manage it effectively.",
diabetes,What causes diabetes?,"The causes of diabetes vary but often include factors like infections, environmental exposure, genetic mutations, and poor lifestyle habits. A endocrinologist can help identify the specific cause in your case.",
diabetes,What are the symptoms of diabetes?,"Common symptoms of diabetes include increased thirst,frequent urination,unexplained weight loss,fatigue,blurred vision,cuts that are slow to heal. If you experience these symptoms, it is advisable to consult a endocrinologist for proper evaluation.",
diabetes,How is diabetes diagnosed?,"diabetes is diagnosed using methods such as physical examinations, blood tests, imaging scans, and laboratory tests. A endocrinologist will determine the best approach based on your symptoms.",
diabetes,What treatments are available for diabetes?,"Treatment for diabetes typically includes diet,exercise,medication, along with lifestyle modifications and medications. Consultation with a endocrinologist is essential for proper treatment guidance.",
diabetes,Which doctor should I consult for diabetes?,"If you have diabetes, you should consult a endocrinologist, who specializes in diagnosing and treating this condition.",
diabetes,What foods should I eat or avoid if I have diabetes?,"A recommended diet for diabetes includes nutrient-rich foods like leafy greens, lean proteins, and whole grains. Avoid processed foods, high sugar, and excessive salt.",
diabetes,How can I prevent diabetes?,"Preventing diabetes involves maintaining a healthy lifestyle, regular exercise, proper diet, and avoiding risk factors such as smoking or alcohol consumption.",
diabetes,When should I seek medical help for diabetes?,"Seek medical help if you experience persistent or worsening symptoms of diabetes, such as increased thirst,frequent urination,unexplained weight loss,fatigue,blurred vision,cuts that are slow to heal. Early intervention can prevent complications.",
diabetes,Are there any home remedies for diabetes?,"Some home remedies for diabetes include staying hydrated, consuming anti-inflammatory foods, and getting enough rest. However, professional medical advice is recommended.",
diabetes,Can diabetes be cured completely?,"Some cases of diabetes can be cured completely with early detection and proper treatment, while others require lifelong management. A endocrinologist can guide you based on your condition.",
diabetes,Is diabetes contagious?,"Whether diabetes is contagious depends on its cause. If it's due to a viral or bacterial infection, it may spread through close contact. Consult a endocrinologist for more details.",
diabetes,How does diabetes affect daily life?,"diabetes can impact daily activities by causing discomfort, fatigue, or limiting mobility. With proper treatment and lifestyle adjustments, many people successfully manage it.",
alzheimer's disease,What is alzheimer's disease?,"alzheimer's disease is a medical condition characterized by memory loss,confusion,difficulty thinking,changes in personality or behavior. It can result from various factors like infections, genetic predisposition, or lifestyle habits. Early diagnosis and treatment can help manage it effectively.",
alzheimer's disease,What causes alzheimer's disease?,"The causes of alzheimer's disease vary but often include factors like infections, environmental exposure, genetic mutations, and poor lifestyle habits. A neurologist can help identify the specific cause in your case.",
alzheimer's disease,What are the symptoms of alzheimer's disease?,"Common symptoms of alzheimer's disease include memory loss,confusion,difficulty thinking,changes in personality or behavior. If you experience these symptoms, it is advisable to consult a neurologist for proper evaluation.",
alzheimer's disease,How is alzheimer's disease diagnosed?,"alzheimer's disease is diagnosed using methods such as physical examinations, blood tests, imaging scans, and laboratory tests. A neurologist will determine the best approach based on your symptoms.",
alzheimer's disease,What treatments are available for alzheimer's disease?,"Treatment for alzheimer's disease typically includes there is no cure for alzheimer's disease,but there are treatments that can help manage the symptoms, along with lifestyle modifications and medications. Consultation with a neurologist is essential for proper treatment guidance.",
alzheimer's disease,Which doctor should I consult for alzheimer's disease?,"If you have alzheimer's disease, you should consult a neurologist, who specializes in diagnosing and treating this condition.",
alzheimer's disease,What foods should I eat or avoid if I have alzheimer's disease?,"A recommended diet for alzheimer's disease includes nutrient-rich foods like leafy greens, lean proteins, and whole grains. Avoid processed foods, high sugar, and excessive salt.",
alzheimer's disease,How can I prevent alzheimer's disease?,"Preventing alzheimer's disease involves maintaining a healthy lifestyle, regular exercise, proper diet, and avoiding risk factors such as smoking or alcohol consumption.",
alzheimer's disease,When should I seek medical help for alzheimer's disease?,"Seek medical help if you experience persistent or worsening symptoms of alzheimer's disease, such as memory loss,confusion,difficulty thinking,changes in personality or behavior. Early intervention can prevent complications.",
alzheimer's disease,Are there any home remedies for alzheimer's disease?,"Some home remedies for alzheimer's disease include staying hydrated, consuming anti-inflammatory foods, and getting enough rest. However, professional medical advice is recommended.",
alzheimer's disease,Can alzheimer's disease be cured completely?,"Some cases of alzheimer's disease can be cured completely with early detection and proper treatment, while others require lifelong management. A neurologist can guide you based on your condition.",
alzheimer's disease,Is alzheimer's disease contagious?,"Whether alzheimer's disease is contagious depends on its cause. If it's due to a viral or bacterial infection, it may spread through close contact. Consult a neurologist for more details.",
alzheimer's disease,How does alzheimer's disease affect daily life?,"alzheimer's disease can impact daily activities by causing discomfort, fatigue, or limiting mobility. With proper treatment and lifestyle adjustments, many people successfully manage it.",
arthritis,What is arthritis?,"arthritis is a medical condition characterized by pain,stiffness,swelling,inflammation in the joints. It can result from various factors like infections, genetic predisposition, or lifestyle habits. Early diagnosis and treatment can help manage it effectively.",
arthritis,What causes arthritis?,"The causes of arthritis vary but often include factors like infections, environmental exposure, genetic mutations, and poor lifestyle habits. A rheumatologist can help identify the specific cause in your case.",
arthritis,What are the symptoms of arthritis?,"Common symptoms of arthritis include pain,stiffness,swelling,inflammation in the joints. If you experience these symptoms, it is advisable to consult a rheumatologist for proper evaluation.",
arthritis,How is arthritis diagnosed?,"arthritis is diagnosed using methods such as physical examinations, blood tests, imaging scans, and laboratory tests. A rheumatologist will determine the best approach based on your symptoms.",
arthritis,What treatments are available for arthritis?,"Treatment for arthritis typically includes medication,physical therapy,lifestyle changes, along with lifestyle modifications and medications. Consultation with a rheumatologist is essential for proper treatment guidance.",
arthritis,Which doctor should I consult for arthritis?,"If you have arthritis, you should consult a rheumatologist, who specializes in diagnosing and treating this condition.",
arthritis,What foods should I eat or avoid if I have arthritis?,"A recommended diet for arthritis includes nutrient-rich foods like leafy greens, lean proteins, and whole grains. Avoid processed foods, high sugar, and excessive salt.",
arthritis,How can I prevent arthritis?,"Preventing arthritis involves maintaining a healthy lifestyle, regular exercise, proper diet, and avoiding risk factors such as smoking or alcohol consumption.",
arthritis,When should I seek medical help for arthritis?,"Seek medical help if you experience persistent or worsening symptoms of arthritis, such as pain,stiffness,swelling,inflammation in the joints. Early intervention can prevent complications.",
arthritis,Are there any home remedies for arthritis?,"Some home remedies for arthritis include staying hydrated, consuming anti-inflammatory foods, and getting enough rest. However, professional medical advice is recommended.",
arthritis,Can arthritis be cured completely?,"Some cases of arthritis can be cured completely with early detection and proper treatment, while others require lifelong management. A rheumatologist can guide you based on your condition.",
arthritis,Is arthritis contagious?,"Whether arthritis is contagious depends on its cause. If it's due to a viral or bacterial infection, it may spread through close contact. Consult a rheumatologist for more details.",
arthritis,How does arthritis affect daily life?,"arthritis can impact daily activities by causing discomfort, fatigue, or limiting mobility. With proper treatment and lifestyle adjustments, many people successfully manage it.",
adenovirus,What is adenovirus?,"adenovirus is a medical condition characterized by fever,sore throat,cough,conjunctivitis,rash,pink eye. It can result from various factors like infections, genetic predisposition, or lifestyle habits. Early diagnosis and treatment can help manage it effectively.",
adenovirus,What causes adenovirus?,"The causes of adenovirus vary but often include factors like infections, environmental exposure, genetic mutations, and poor lifestyle habits. A family doctor,urgent care can help identify the specific cause in your case.",
adenovirus,What are the symptoms of adenovirus?,"Common symptoms of adenovirus include fever,sore throat,cough,conjunctivitis,rash,pink eye. If you experience these symptoms, it is advisable to consult a family doctor,urgent care for proper evaluation.",
adenovirus,How is adenovirus diagnosed?,"adenovirus is diagnosed using methods such as physical examinations, blood tests, imaging scans, and laboratory tests. A family doctor,urgent care will determine the best approach based on your symptoms.",
adenovirus,What treatments are available for adenovirus?,"Treatment for adenovirus typically includes antibiotics,over-the-counter medications,rest,fluids, along with lifestyle modifications and medications. Consultation with a family doctor,urgent care is essential for proper treatment guidance.",
adenovirus,Which doctor should I consult for adenovirus?,"If you have adenovirus, you should consult a family doctor,urgent care, who specializes in diagnosing and treating this condition.",
adenovirus,What foods should I eat or avoid if I have adenovirus?,"A recommended diet for adenovirus includes nutrient-rich foods like leafy greens, lean proteins, and whole grains. Avoid processed foods, high sugar, and excessive salt.",
adenovirus,How can I prevent adenovirus?,"Preventing adenovirus involves maintaining a healthy lifestyle, regular exercise, proper diet, and avoiding risk factors such as smoking or alcohol consumption.",
adenovirus,When should I seek medical help for adenovirus?,"Seek medical help if you experience persistent or worsening symptoms of adenovirus, such as fever,sore throat,cough,conjunctivitis,rash,pink eye. Early intervention can prevent complications.",
adenovirus,Are there any home remedies for adenovirus?,"Some home remedies for adenovirus include staying hydrated, consuming anti-inflammatory foods, and getting enough rest. However, professional medical advice is recommended.",
adenovirus,Can adenovirus be cured completely?,"Some cases of adenovirus can be cured completely with early detection and proper treatment, while others require lifelong management. A family doctor,urgent care can guide you based on your condition.",
adenovirus,Is adenovirus contagious?,"Whether adenovirus is contagious depends on its cause. If it's due to a viral or bacterial infection, it may spread through close contact. Consult a family doctor,urgent care for more details.",
adenovirus,How does adenovirus affect daily life?,"adenovirus can impact daily activities by causing discomfort, fatigue, or limiting mobility. With proper treatment and lifestyle adjustments, many people successfully manage it.",
aflatoxicosis,What is aflatoxicosis?,"aflatoxicosis is a medical condition characterized by vomiting,diarrhea,jaundice,liver damage,death. It can result from various factors like infections, genetic predisposition, or lifestyle habits. Early diagnosis and treatment can help manage it effectively.",
aflatoxicosis,What causes aflatoxicosis?,"The causes of aflatoxicosis vary but often include factors like infections, environmental exposure, genetic mutations, and poor lifestyle habits. A gastroenterologist can help identify the specific cause in your case.",
aflatoxicosis,What are the symptoms of aflatoxicosis?,"Common symptoms of aflatoxicosis include vomiting,diarrhea,jaundice,liver damage,death. If you experience these symptoms, it is advisable to consult a gastroenterologist for proper evaluation.",
aflatoxicosis,How is aflatoxicosis diagnosed?,"aflatoxicosis is diagnosed using methods such as physical examinations, blood tests, imaging scans, and laboratory tests. A gastroenterologist will determine the best approach based on your symptoms.",
aflatoxicosis,What treatments are available for aflatoxicosis?,"Treatment for aflatoxicosis typically includes there is no cure for aflatoxicosis,but treatment may include supportive care,liver transplantation, along with lifestyle modifications and medications. Consultation with a gastroenterologist is essential for proper treatment guidance.",
aflatoxicosis,Which doctor should I consult for aflatoxicosis?,"If you have aflatoxicosis, you should consult a gastroenterologist, who specializes in diagnosing and treating this condition.",
aflatoxicosis,What foods should I eat or avoid if I have aflatoxicosis?,"A recommended diet for aflatoxicosis includes nutrient-rich foods like leafy greens, lean proteins, and whole grains. Avoid processed foods, high sugar, and excessive salt.",
aflatoxicosis,How can I prevent aflatoxicosis?,"Preventing aflatoxicosis involves maintaining a healthy lifestyle, regular exercise, proper diet, and avoiding risk factors such as smoking or alcohol consumption.",
aflatoxicosis,When should I seek medical help for aflatoxicosis?,"Seek medical help if you experience persistent or worsening symptoms of aflatoxicosis, such as vomiting,diarrhea,jaundice,liver damage,death. Early intervention can prevent complications.",
aflatoxicosis,Are there any home remedies for aflatoxicosis?,"Some home remedies for aflatoxicosis include staying hydrated, consuming anti-inflammatory foods, and getting enough rest. However, professional medical advice is recommended.",
aflatoxicosis,Can aflatoxicosis be cured completely?,"Some cases of aflatoxicosis can be cured completely with early detection and proper treatment, while others require lifelong management. A gastroenterologist can guide you based on your condition.",
aflatoxicosis,Is aflatoxicosis contagious?,"Whether aflatoxicosis is contagious depends on its cause. If it's due to a viral or bacterial infection, it may spread through close contact. Consult a gastroenterologist for more details.",
aflatoxicosis,How does aflatoxicosis affect daily life?,"aflatoxicosis can impact daily activities by causing discomfort, fatigue, or limiting mobility. With proper treatment and lifestyle adjustments, many people successfully manage it.",
alcoholism,What is alcoholism?,"alcoholism is a medical condition characterized by physical dependence on alcohol,tolerance to alcohol,withdrawal symptoms,impaired judgment,memory problems,liver damage,heart disease,cancer. It can result from various factors like infections, genetic predisposition, or lifestyle habits. Early diagnosis and treatment can help manage it effectively.",
alcoholism,What causes alcoholism?,"The causes of alcoholism vary but often include factors like infections, environmental exposure, genetic mutations, and poor lifestyle habits. A  psychiatrist,addiction specialist can help identify the specific cause in your case.",
alcoholism,What are the symptoms of alcoholism?,"Common symptoms of alcoholism include physical dependence on alcohol,tolerance to alcohol,withdrawal symptoms,impaired judgment,memory problems,liver damage,heart disease,cancer. If you experience these symptoms, it is advisable to consult a  psychiatrist,addiction specialist for proper evaluation.",
alcoholism,How is alcoholism diagnosed?,"alcoholism is diagnosed using methods such as physical examinations, blood tests, imaging scans, and laboratory tests. A  psychiatrist,addiction specialist will determine the best approach based on your symptoms.",
alcoholism,What treatments are available for alcoholism?,"Treatment for alcoholism typically includes  treatment for alcoholism may include counseling,medication,support groups, along with lifestyle modifications and medications. Consultation with a  psychiatrist,addiction specialist is essential for proper treatment guidance.",
alcoholism,Which doctor should I consult for alcoholism?,"If you have alcoholism, you should consult a  psychiatrist,addiction specialist, who specializes in diagnosing and treating this condition.",
alcoholism,What foods should I eat or avoid if I have alcoholism?,"A recommended diet for alcoholism includes nutrient-rich foods like leafy greens, lean proteins, and whole grains. Avoid processed foods, high sugar, and excessive salt.",
alcoholism,How can I prevent alcoholism?,"Preventing alcoholism involves maintaining a healthy lifestyle, regular exercise, proper diet, and avoiding risk factors such as smoking or alcohol consumption.",
alcoholism,When should I seek medical help for alcoholism?,"Seek medical help if you experience persistent or worsening symptoms of alcoholism, such as physical dependence on alcohol,tolerance to alcohol,withdrawal symptoms,impaired judgment,memory problems,liver damage,heart disease,cancer. Early intervention can prevent complications.",
alcoholism,Are there any home remedies for alcoholism?,"Some home remedies for alcoholism include staying hydrated, consuming anti-inflammatory foods, and getting enough rest. However, professional medical advice is recommended.",
alcoholism,Can alcoholism be cured completely?,"Some cases of alcoholism can be cured completely with early detection and proper treatment, while others require lifelong management. A  psychiatrist,addiction specialist can guide you based on your condition.",
alcoholism,Is alcoholism contagious?,"Whether alcoholism is contagious depends on its cause. If it's due to a viral or bacterial infection, it may spread through close contact. Consult a  psychiatrist,addiction specialist for more details.",
alcoholism,How does alcoholism affect daily life?,"alcoholism can impact daily activities by causing discomfort, fatigue, or limiting mobility. With proper treatment and lifestyle adjustments, many people successfully manage it.",
allergic rhinitis,What is allergic rhinitis?,"allergic rhinitis is a medical condition characterized by runny nose,sneezing,itchy eyes,itchy nose,throat,palate. It can result from various factors like infections, genetic predisposition, or lifestyle habits. Early diagnosis and treatment can help manage it effectively.",
allergic rhinitis,What causes allergic rhinitis?,"The causes of allergic rhinitis vary but often include factors like infections, environmental exposure, genetic mutations, and poor lifestyle habits. A allergist can help identify the specific cause in your case.",
allergic rhinitis,What are the symptoms of allergic rhinitis?,"Common symptoms of allergic rhinitis include runny nose,sneezing,itchy eyes,itchy nose,throat,palate. If you experience these symptoms, it is advisable to consult a allergist for proper evaluation.",
allergic rhinitis,How is allergic rhinitis diagnosed?,"allergic rhinitis is diagnosed using methods such as physical examinations, blood tests, imaging scans, and laboratory tests. A allergist will determine the best approach based on your symptoms.",
allergic rhinitis,What treatments are available for allergic rhinitis?,"Treatment for allergic rhinitis typically includes over-the-counter medications,allergy shots, along with lifestyle modifications and medications. Consultation with a allergist is essential for proper treatment guidance.",
allergic rhinitis,Which doctor should I consult for allergic rhinitis?,"If you have allergic rhinitis, you should consult a allergist, who specializes in diagnosing and treating this condition.",
allergic rhinitis,What foods should I eat or avoid if I have allergic rhinitis?,"A recommended diet for allergic rhinitis includes nutrient-rich foods like leafy greens, lean proteins, and whole grains. Avoid processed foods, high sugar, and excessive salt.",
allergic rhinitis,How can I prevent allergic rhinitis?,"Preventing allergic rhinitis involves maintaining a healthy lifestyle, regular exercise, proper diet, and avoiding risk factors such as smoking or alcohol consumption.",
allergic rhinitis,When should I seek medical help for allergic rhinitis?,"Seek medical help if you experience persistent or worsening symptoms of allergic rhinitis, such as runny nose,sneezing,itchy eyes,itchy nose,throat,palate. Early intervention can prevent complications.",
allergic rhinitis,Are there any home remedies for allergic rhinitis?,"Some home remedies for allergic rhinitis include staying hydrated, consuming anti-inflammatory foods, and getting enough rest. However, professional medical advice is recommended.",
allergic rhinitis,Can allergic rhinitis be cured completely?,"Some cases of allergic rhinitis can be cured completely with early detection and proper treatment, while others require lifelong management. A allergist can guide you based on your condition.",
allergic rhinitis,Is allergic rhinitis contagious?,"Whether allergic rhinitis is contagious depends on its cause. If it's due to a viral or bacterial infection, it may spread through close contact. Consult a allergist for more details.",
allergic rhinitis,How does allergic rhinitis affect daily life?,"allergic rhinitis can impact daily activities by causing discomfort, fatigue, or limiting mobility. With proper treatment and lifestyle adjustments, many people successfully manage it.",
alzheimer's disease,What is alzheimer's disease?,"alzheimer's disease is a medical condition characterized by memory loss,confusion,difficulty thinking,changes in personality or behavior. It can result from various factors like infections, genetic predisposition, or lifestyle habits. Early diagnosis and treatment can help manage it effectively.",
alzheimer's disease,What causes alzheimer's disease?,"The causes of alzheimer's disease vary but often include factors like infections, environmental exposure, genetic mutations, and poor lifestyle habits. A neurologist can help identify the specific cause in your case.",
alzheimer's disease,What are the symptoms of alzheimer's disease?,"Common symptoms of alzheimer's disease include memory loss,confusion,difficulty thinking,changes in personality or behavior. If you experience these symptoms, it is advisable to consult a neurologist for proper evaluation.",
alzheimer's disease,How is alzheimer's disease diagnosed?,"alzheimer's disease is diagnosed using methods such as physical examinations, blood tests, imaging scans, and laboratory tests. A neurologist will determine the best approach based on your symptoms.",
alzheimer's disease,What treatments are available for alzheimer's disease?,"Treatment for alzheimer's disease typically includes there is no cure for alzheimer's disease,but there are treatments that can help manage the symptoms, along with lifestyle modifications and medications. Consultation with a neurologist is essential for proper treatment guidance.",
alzheimer's disease,Which doctor should I consult for alzheimer's disease?,"If you have alzheimer's disease, you should consult a neurologist, who specializes in diagnosing and treating this condition.",
alzheimer's disease,What foods should I eat or avoid if I have alzheimer's disease?,"A recommended diet for alzheimer's disease includes nutrient-rich foods like leafy greens, lean proteins, and whole grains. Avoid processed foods, high sugar, and excessive salt.",
alzheimer's disease,How can I prevent alzheimer's disease?,"Preventing alzheimer's disease involves maintaining a healthy lifestyle, regular exercise, proper diet, and avoiding risk factors such as smoking or alcohol consumption.",
alzheimer's disease,When should I seek medical help for alzheimer's disease?,"Seek medical help if you experience persistent or worsening symptoms of alzheimer's disease, such as memory loss,confusion,difficulty thinking,changes in personality or behavior. Early intervention can prevent complications.",
alzheimer's disease,Are there any home remedies for alzheimer's disease?,"Some home remedies for alzheimer's disease include staying hydrated, consuming anti-inflammatory foods, and getting enough rest. However, professional medical advice is recommended.",
alzheimer's disease,Can alzheimer's disease be cured completely?,"Some cases of alzheimer's disease can be cured completely with early detection and proper treatment, while others require lifelong management. A neurologist can guide you based on your condition.",
alzheimer's disease,Is alzheimer's disease contagious?,"Whether alzheimer's disease is contagious depends on its cause. If it's due to a viral or bacterial infection, it may spread through close contact. Consult a neurologist for more details.",
alzheimer's disease,How does alzheimer's disease affect daily life?,"alzheimer's disease can impact daily activities by causing discomfort, fatigue, or limiting mobility. With proper treatment and lifestyle adjustments, many people successfully manage it.",
anemia,What is anemia?,"anemia is a medical condition characterized by fatigue,shortness of breath,pale skin,lightheadedness,dizziness. It can result from various factors like infections, genetic predisposition, or lifestyle habits. Early diagnosis and treatment can help manage it effectively.",
anemia,What causes anemia?,"The causes of anemia vary but often include factors like infections, environmental exposure, genetic mutations, and poor lifestyle habits. A  hematologist  can help identify the specific cause in your case.",
anemia,What are the symptoms of anemia?,"Common symptoms of anemia include fatigue,shortness of breath,pale skin,lightheadedness,dizziness. If you experience these symptoms, it is advisable to consult a  hematologist  for proper evaluation.",
anemia,How is anemia diagnosed?,"anemia is diagnosed using methods such as physical examinations, blood tests, imaging scans, and laboratory tests. A  hematologist  will determine the best approach based on your symptoms.",
anemia,What treatments are available for anemia?,"Treatment for anemia typically includes  , along with lifestyle modifications and medications. Consultation with a  hematologist  is essential for proper treatment guidance.",
anemia,Which doctor should I consult for anemia?,"If you have anemia, you should consult a  hematologist , who specializes in diagnosing and treating this condition.",
anemia,What foods should I eat or avoid if I have anemia?,"A recommended diet for anemia includes nutrient-rich foods like leafy greens, lean proteins, and whole grains. Avoid processed foods, high sugar, and excessive salt.",
anemia,How can I prevent anemia?,"Preventing anemia involves maintaining a healthy lifestyle, regular exercise, proper diet, and avoiding risk factors such as smoking or alcohol consumption.",
anemia,When should I seek medical help for anemia?,"Seek medical help if you experience persistent or worsening symptoms of anemia, such as fatigue,shortness of breath,pale skin,lightheadedness,dizziness. Early intervention can prevent complications.",
anemia,Are there any home remedies for anemia?,"Some home remedies for anemia include staying hydrated, consuming anti-inflammatory foods, and getting enough rest. However, professional medical advice is recommended.",
anemia,Can anemia be cured completely?,"Some cases of anemia can be cured completely with early detection and proper treatment, while others require lifelong management. A  hematologist  can guide you based on your condition.",
anemia,Is anemia contagious?,"Whether anemia is contagious depends on its cause. If it's due to a viral or bacterial infection, it may spread through close contact. Consult a  hematologist  for more details.",
anemia,How does anemia affect daily life?,"anemia can impact daily activities by causing discomfort, fatigue, or limiting mobility. With proper treatment and lifestyle adjustments, many people successfully manage it.",
anxiety disorder,What is anxiety disorder?,"anxiety disorder is a medical condition characterized by excessive worry,fear,anxiety that interfere with daily life. It can result from various factors like infections, genetic predisposition, or lifestyle habits. Early diagnosis and treatment can help manage it effectively.",
anxiety disorder,What causes anxiety disorder?,"The causes of anxiety disorder vary but often include factors like infections, environmental exposure, genetic mutations, and poor lifestyle habits. A psychologist,psychiatrist can help identify the specific cause in your case.",
anxiety disorder,What are the symptoms of anxiety disorder?,"Common symptoms of anxiety disorder include excessive worry,fear,anxiety that interfere with daily life. If you experience these symptoms, it is advisable to consult a psychologist,psychiatrist for proper evaluation.",
anxiety disorder,How is anxiety disorder diagnosed?,"anxiety disorder is diagnosed using methods such as physical examinations, blood tests, imaging scans, and laboratory tests. A psychologist,psychiatrist will determine the best approach based on your symptoms.",
anxiety disorder,What treatments are available for anxiety disorder?,"Treatment for anxiety disorder typically includes treatment for anxiety disorders may include therapy,medication,combination of both, along with lifestyle modifications and medications. Consultation with a psychologist,psychiatrist is essential for proper treatment guidance.",
anxiety disorder,Which doctor should I consult for anxiety disorder?,"If you have anxiety disorder, you should consult a psychologist,psychiatrist, who specializes in diagnosing and treating this condition.",
anxiety disorder,What foods should I eat or avoid if I have anxiety disorder?,"A recommended diet for anxiety disorder includes nutrient-rich foods like leafy greens, lean proteins, and whole grains. Avoid processed foods, high sugar, and excessive salt.",
anxiety disorder,How can I prevent anxiety disorder?,"Preventing anxiety disorder involves maintaining a healthy lifestyle, regular exercise, proper diet, and avoiding risk factors such as smoking or alcohol consumption.",
anxiety disorder,When should I seek medical help for anxiety disorder?,"Seek medical help if you experience persistent or worsening symptoms of anxiety disorder, such as excessive worry,fear,anxiety that interfere with daily life. Early intervention can prevent complications.",
anxiety disorder,Are there any home remedies for anxiety disorder?,"Some home remedies for anxiety disorder include staying hydrated, consuming anti-inflammatory foods, and getting enough rest. However, professional medical advice is recommended.",
anxiety disorder,Can anxiety disorder be cured completely?,"Some cases of anxiety disorder can be cured completely with early detection and proper treatment, while others require lifelong management. A psychologist,psychiatrist can guide you based on your condition.",
anxiety disorder,Is anxiety disorder contagious?,"Whether anxiety disorder is contagious depends on its cause. If it's due to a viral or bacterial infection, it may spread through close contact. Consult a psychologist,psychiatrist for more details.",
anxiety disorder,How does anxiety disorder affect daily life?,"anxiety disorder can impact daily activities by causing discomfort, fatigue, or limiting mobility. With proper treatment and lifestyle adjustments, many people successfully manage it.",
appendicitis,What is appendicitis?,"appendicitis is a medical condition characterized by pain in the lower right abdomen,nausea,vomiting,fever. It can result from various factors like infections, genetic predisposition, or lifestyle habits. Early diagnosis and treatment can help manage it effectively.",
appendicitis,What causes appendicitis?,"The causes of appendicitis vary but often include factors like infections, environmental exposure, genetic mutations, and poor lifestyle habits. A surgeon  can help identify the specific cause in your case.",
appendicitis,What are the symptoms of appendicitis?,"Common symptoms of appendicitis include pain in the lower right abdomen,nausea,vomiting,fever. If you experience these symptoms, it is advisable to consult a surgeon  for proper evaluation.",
appendicitis,How is appendicitis diagnosed?,"appendicitis is diagnosed using methods such as physical examinations, blood tests, imaging scans, and laboratory tests. A surgeon  will determine the best approach based on your symptoms.",
appendicitis,What treatments are available for appendicitis?,"Treatment for appendicitis typically includes appendectomy, along with lifestyle modifications and medications. Consultation with a surgeon  is essential for proper treatment guidance.",
appendicitis,Which doctor should I consult for appendicitis?,"If you have appendicitis, you should consult a surgeon , who specializes in diagnosing and treating this condition.",
appendicitis,What foods should I eat or avoid if I have appendicitis?,"A recommended diet for appendicitis includes nutrient-rich foods like leafy greens, lean proteins, and whole grains. Avoid processed foods, high sugar, and excessive salt.",
appendicitis,How can I prevent appendicitis?,"Preventing appendicitis involves maintaining a healthy lifestyle, regular exercise, proper diet, and avoiding risk factors such as smoking or alcohol consumption.",
appendicitis,When should I seek medical help for appendicitis?,"Seek medical help if you experience persistent or worsening symptoms of appendicitis, such as pain in the lower right abdomen,nausea,vomiting,fever. Early intervention can prevent complications.",
appendicitis,Are there any home remedies for appendicitis?,"Some home remedies for appendicitis include staying hydrated, consuming anti-inflammatory foods, and getting enough rest. However, professional medical advice is recommended.",
appendicitis,Can appendicitis be cured completely?,"Some cases of appendicitis can be cured completely with early detection and proper treatment, while others require lifelong management. A surgeon  can guide you based on your condition.",
appendicitis,Is appendicitis contagious?,"Whether appendicitis is contagious depends on its cause. If it's due to a viral or bacterial infection, it may spread through close contact. Consult a surgeon  for more details.",
appendicitis,How does appendicitis affect daily life?,"appendicitis can impact daily activities by causing discomfort, fatigue, or limiting mobility. With proper treatment and lifestyle adjustments, many people successfully manage it.",
arthritis,What is arthritis?,"arthritis is a medical condition characterized by pain,stiffness,swelling,inflammation in the joints. It can result from various factors like infections, genetic predisposition, or lifestyle habits. Early diagnosis and treatment can help manage it effectively.",
arthritis,What causes arthritis?,"The causes of arthritis vary but often include factors like infections, environmental exposure, genetic mutations, and poor lifestyle habits. A rheumatologist can help identify the specific cause in your case.",
arthritis,What are the symptoms of arthritis?,"Common symptoms of arthritis include pain,stiffness,swelling,inflammation in the joints. If you experience these symptoms, it is advisable to consult a rheumatologist for proper evaluation.",
arthritis,How is arthritis diagnosed?,"arthritis is diagnosed using methods such as physical examinations, blood tests, imaging scans, and laboratory tests. A rheumatologist will determine the best approach based on your symptoms.",
arthritis,What treatments are available for arthritis?,"Treatment for arthritis typically includes medication,physical therapy,lifestyle changes, along with lifestyle modifications and medications. Consultation with a rheumatologist is essential for proper treatment guidance.",
arthritis,Which doctor should I consult for arthritis?,"If you have arthritis, you should consult a rheumatologist, who specializes in diagnosing and treating this condition.",
arthritis,What foods should I eat or avoid if I have arthritis?,"A recommended diet for arthritis includes nutrient-rich foods like leafy greens, lean proteins, and whole grains. Avoid processed foods, high sugar, and excessive salt.",
arthritis,How can I prevent arthritis?,"Preventing arthritis involves maintaining a healthy lifestyle, regular exercise, proper diet, and avoiding risk factors such as smoking or alcohol consumption.",
arthritis,When should I seek medical help for arthritis?,"Seek medical help if you experience persistent or worsening symptoms of arthritis, such as pain,stiffness,swelling,inflammation in the joints. Early intervention can prevent complications.",
arthritis,Are there any home remedies for arthritis?,"Some home remedies for arthritis include staying hydrated, consuming anti-inflammatory foods, and getting enough rest. However, professional medical advice is recommended.",
arthritis,Can arthritis be cured completely?,"Some cases of arthritis can be cured completely with early detection and proper treatment, while others require lifelong management. A rheumatologist can guide you based on your condition.",
arthritis,Is arthritis contagious?,"Whether arthritis is contagious depends on its cause. If it's due to a viral or bacterial infection, it may spread through close contact. Consult a rheumatologist for more details.",
arthritis,How does arthritis affect daily life?,"arthritis can impact daily activities by causing discomfort, fatigue, or limiting mobility. With proper treatment and lifestyle adjustments, many people successfully manage it.",
asperger syndrome,What is asperger syndrome?,"asperger syndrome is a medical condition characterized by difficulty with social interaction,repetitive behaviors,restricted interests. It can result from various factors like infections, genetic predisposition, or lifestyle habits. Early diagnosis and treatment can help manage it effectively.",
asperger syndrome,What causes asperger syndrome?,"The causes of asperger syndrome vary but often include factors like infections, environmental exposure, genetic mutations, and poor lifestyle habits. A psychologist,psychiatrist can help identify the specific cause in your case.",
asperger syndrome,What are the symptoms of asperger syndrome?,"Common symptoms of asperger syndrome include difficulty with social interaction,repetitive behaviors,restricted interests. If you experience these symptoms, it is advisable to consult a psychologist,psychiatrist for proper evaluation.",
asperger syndrome,How is asperger syndrome diagnosed?,"asperger syndrome is diagnosed using methods such as physical examinations, blood tests, imaging scans, and laboratory tests. A psychologist,psychiatrist will determine the best approach based on your symptoms.",
asperger syndrome,What treatments are available for asperger syndrome?,"Treatment for asperger syndrome typically includes there is no cure for asperger syndrome,but there are treatments that can help manage the symptoms, along with lifestyle modifications and medications. Consultation with a psychologist,psychiatrist is essential for proper treatment guidance.",
asperger syndrome,Which doctor should I consult for asperger syndrome?,"If you have asperger syndrome, you should consult a psychologist,psychiatrist, who specializes in diagnosing and treating this condition.",
asperger syndrome,What foods should I eat or avoid if I have asperger syndrome?,"A recommended diet for asperger syndrome includes nutrient-rich foods like leafy greens, lean proteins, and whole grains. Avoid processed foods, high sugar, and excessive salt.",
asperger syndrome,How can I prevent asperger syndrome?,"Preventing asperger syndrome involves maintaining a healthy lifestyle, regular exercise, proper diet, and avoiding risk factors such as smoking or alcohol consumption.",
asperger syndrome,When should I seek medical help for asperger syndrome?,"Seek medical help if you experience persistent or worsening symptoms of asperger syndrome, such as difficulty with social interaction,repetitive behaviors,restricted interests. Early intervention can prevent complications.",
asperger syndrome,Are there any home remedies for asperger syndrome?,"Some home remedies for asperger syndrome include staying hydrated, consuming anti-inflammatory foods, and getting enough rest. However, professional medical advice is recommended.",
asperger syndrome,Can asperger syndrome be cured completely?,"Some cases of asperger syndrome can be cured completely with early detection and proper treatment, while others require lifelong management. A psychologist,psychiatrist can guide you based on your condition.",
asperger syndrome,Is asperger syndrome contagious?,"Whether asperger syndrome is contagious depends on its cause. If it's due to a viral or bacterial infection, it may spread through close contact. Consult a psychologist,psychiatrist for more details.",
asperger syndrome,How does asperger syndrome affect daily life?,"asperger syndrome can impact daily activities by causing discomfort, fatigue, or limiting mobility. With proper treatment and lifestyle adjustments, many people successfully manage it.",
asthma,What is asthma?,"asthma is a medical condition characterized by wheezing,shortness of breath,coughing,chest tightness. It can result from various factors like infections, genetic predisposition, or lifestyle habits. Early diagnosis and treatment can help manage it effectively.",
asthma,What causes asthma?,"The causes of asthma vary but often include factors like infections, environmental exposure, genetic mutations, and poor lifestyle habits. A  allergist,pulmonologist can help identify the specific cause in your case.",
asthma,What are the symptoms of asthma?,"Common symptoms of asthma include wheezing,shortness of breath,coughing,chest tightness. If you experience these symptoms, it is advisable to consult a  allergist,pulmonologist for proper evaluation.",
asthma,How is asthma diagnosed?,"asthma is diagnosed using methods such as physical examinations, blood tests, imaging scans, and laboratory tests. A  allergist,pulmonologist will determine the best approach based on your symptoms.",
asthma,What treatments are available for asthma?,"Treatment for asthma typically includes treatment for asthmmay include medication,lifestyle changes,allergy shots, along with lifestyle modifications and medications. Consultation with a  allergist,pulmonologist is essential for proper treatment guidance.",
asthma,Which doctor should I consult for asthma?,"If you have asthma, you should consult a  allergist,pulmonologist, who specializes in diagnosing and treating this condition.",
asthma,What foods should I eat or avoid if I have asthma?,"A recommended diet for asthma includes nutrient-rich foods like leafy greens, lean proteins, and whole grains. Avoid processed foods, high sugar, and excessive salt.",
asthma,How can I prevent asthma?,"Preventing asthma involves maintaining a healthy lifestyle, regular exercise, proper diet, and avoiding risk factors such as smoking or alcohol consumption.",
asthma,When should I seek medical help for asthma?,"Seek medical help if you experience persistent or worsening symptoms of asthma, such as wheezing,shortness of breath,coughing,chest tightness. Early intervention can prevent complications.",
asthma,Are there any home remedies for asthma?,"Some home remedies for asthma include staying hydrated, consuming anti-inflammatory foods, and getting enough rest. However, professional medical advice is recommended.",
asthma,Can asthma be cured completely?,"Some cases of asthma can be cured completely with early detection and proper treatment, while others require lifelong management. A  allergist,pulmonologist can guide you based on your condition.",
asthma,Is asthma contagious?,"Whether asthma is contagious depends on its cause. If it's due to a viral or bacterial infection, it may spread through close contact. Consult a  allergist,pulmonologist for more details.",
asthma,How does asthma affect daily life?,"asthma can impact daily activities by causing discomfort, fatigue, or limiting mobility. With proper treatment and lifestyle adjustments, many people successfully manage it.",
bacterial meningitis,What is bacterial meningitis?,"bacterial meningitis is a medical condition characterized by fever,headache,stiff neck,nausea,vomiting,sensitivity to light. It can result from various factors like infections, genetic predisposition, or lifestyle habits. Early diagnosis and treatment can help manage it effectively.",
bacterial meningitis,What causes bacterial meningitis?,"The causes of bacterial meningitis vary but often include factors like infections, environmental exposure, genetic mutations, and poor lifestyle habits. A neurologist,neurosurgeon can help identify the specific cause in your case.",
bacterial meningitis,What are the symptoms of bacterial meningitis?,"Common symptoms of bacterial meningitis include fever,headache,stiff neck,nausea,vomiting,sensitivity to light. If you experience these symptoms, it is advisable to consult a neurologist,neurosurgeon for proper evaluation.",
bacterial meningitis,How is bacterial meningitis diagnosed?,"bacterial meningitis is diagnosed using methods such as physical examinations, blood tests, imaging scans, and laboratory tests. A neurologist,neurosurgeon will determine the best approach based on your symptoms.",
bacterial meningitis,What treatments are available for bacterial meningitis?,"Treatment for bacterial meningitis typically includes antibiotics, along with lifestyle modifications and medications. Consultation with a neurologist,neurosurgeon is essential for proper treatment guidance.",
bacterial meningitis,Which doctor should I consult for bacterial meningitis?,"If you have bacterial meningitis, you should consult a neurologist,neurosurgeon, who specializes in diagnosing and treating this condition.",
bacterial meningitis,What foods should I eat or avoid if I have bacterial meningitis?,"A recommended diet for bacterial meningitis includes nutrient-rich foods like leafy greens, lean proteins, and whole grains. Avoid processed foods, high sugar, and excessive salt.",
bacterial meningitis,How can I prevent bacterial meningitis?,"Preventing bacterial meningitis involves maintaining a healthy lifestyle, regular exercise, proper diet, and avoiding risk factors such as smoking or alcohol consumption.",
bacterial meningitis,When should I seek medical help for bacterial meningitis?,"Seek medical help if you experience persistent or worsening symptoms of bacterial meningitis, such as fever,headache,stiff neck,nausea,vomiting,sensitivity to light. Early intervention can prevent complications.",
bacterial meningitis,Are there any home remedies for bacterial meningitis?,"Some home remedies for bacterial meningitis include staying hydrated, consuming anti-inflammatory foods, and getting enough rest. However, professional medical advice is recommended.",
bacterial meningitis,Can bacterial meningitis be cured completely?,"Some cases of bacterial meningitis can be cured completely with early detection and proper treatment, while others require lifelong management. A neurologist,neurosurgeon can guide you based on your condition.",
bacterial meningitis,Is bacterial meningitis contagious?,"Whether bacterial meningitis is contagious depends on its cause. If it's due to a viral or bacterial infection, it may spread through close contact. Consult a neurologist,neurosurgeon for more details.",
bacterial meningitis,How does bacterial meningitis affect daily life?,"bacterial meningitis can impact daily activities by causing discomfort, fatigue, or limiting mobility. With proper treatment and lifestyle adjustments, many people successfully manage it.",
bipolar disorder,What is bipolar disorder?,"bipolar disorder is a medical condition characterized by extreme mood swings,from manito depression. It can result from various factors like infections, genetic predisposition, or lifestyle habits. Early diagnosis and treatment can help manage it effectively.",
bipolar disorder,What causes bipolar disorder?,"The causes of bipolar disorder vary but often include factors like infections, environmental exposure, genetic mutations, and poor lifestyle habits. A  psychologist,psychiatrist can help identify the specific cause in your case.",
bipolar disorder,What are the symptoms of bipolar disorder?,"Common symptoms of bipolar disorder include extreme mood swings,from manito depression. If you experience these symptoms, it is advisable to consult a  psychologist,psychiatrist for proper evaluation.",
bipolar disorder,How is bipolar disorder diagnosed?,"bipolar disorder is diagnosed using methods such as physical examinations, blood tests, imaging scans, and laboratory tests. A  psychologist,psychiatrist will determine the best approach based on your symptoms.",
bipolar disorder,What treatments are available for bipolar disorder?,"Treatment for bipolar disorder typically includes treatment for bipolar disorder may include medication,therapy,combination of both, along with lifestyle modifications and medications. Consultation with a  psychologist,psychiatrist is essential for proper treatment guidance.",
bipolar disorder,Which doctor should I consult for bipolar disorder?,"If you have bipolar disorder, you should consult a  psychologist,psychiatrist, who specializes in diagnosing and treating this condition.",
bipolar disorder,What foods should I eat or avoid if I have bipolar disorder?,"A recommended diet for bipolar disorder includes nutrient-rich foods like leafy greens, lean proteins, and whole grains. Avoid processed foods, high sugar, and excessive salt.",
bipolar disorder,How can I prevent bipolar disorder?,"Preventing bipolar disorder involves maintaining a healthy lifestyle, regular exercise, proper diet, and avoiding risk factors such as smoking or alcohol consumption.",
bipolar disorder,When should I seek medical help for bipolar disorder?,"Seek medical help if you experience persistent or worsening symptoms of bipolar disorder, such as extreme mood swings,from manito depression. Early intervention can prevent complications.",
bipolar disorder,Are there any home remedies for bipolar disorder?,"Some home remedies for bipolar disorder include staying hydrated, consuming anti-inflammatory foods, and getting enough rest. However, professional medical advice is recommended.",
bipolar disorder,Can bipolar disorder be cured completely?,"Some cases of bipolar disorder can be cured completely with early detection and proper treatment, while others require lifelong management. A  psychologist,psychiatrist can guide you based on your condition.",
bipolar disorder,Is bipolar disorder contagious?,"Whether bipolar disorder is contagious depends on its cause. If it's due to a viral or bacterial infection, it may spread through close contact. Consult a  psychologist,psychiatrist for more details.",
bipolar disorder,How does bipolar disorder affect daily life?,"bipolar disorder can impact daily activities by causing discomfort, fatigue, or limiting mobility. With proper treatment and lifestyle adjustments, many people successfully manage it.",
bladder cancer,What is bladder cancer?,"bladder cancer is a medical condition characterized by blood in the urine,pain or burning when urinating,frequent urination,urgency to urinate,incontinence. It can result from various factors like infections, genetic predisposition, or lifestyle habits. Early diagnosis and treatment can help manage it effectively.",
bladder cancer,What causes bladder cancer?,"The causes of bladder cancer vary but often include factors like infections, environmental exposure, genetic mutations, and poor lifestyle habits. A urologist can help identify the specific cause in your case.",
bladder cancer,What are the symptoms of bladder cancer?,"Common symptoms of bladder cancer include blood in the urine,pain or burning when urinating,frequent urination,urgency to urinate,incontinence. If you experience these symptoms, it is advisable to consult a urologist for proper evaluation.",
bladder cancer,How is bladder cancer diagnosed?,"bladder cancer is diagnosed using methods such as physical examinations, blood tests, imaging scans, and laboratory tests. A urologist will determine the best approach based on your symptoms.",
bladder cancer,What treatments are available for bladder cancer?,"Treatment for bladder cancer typically includes surgery,chemotherapy,radiation therapy, along with lifestyle modifications and medications. Consultation with a urologist is essential for proper treatment guidance.",
bladder cancer,Which doctor should I consult for bladder cancer?,"If you have bladder cancer, you should consult a urologist, who specializes in diagnosing and treating this condition.",
bladder cancer,What foods should I eat or avoid if I have bladder cancer?,"A recommended diet for bladder cancer includes nutrient-rich foods like leafy greens, lean proteins, and whole grains. Avoid processed foods, high sugar, and excessive salt.",
bladder cancer,How can I prevent bladder cancer?,"Preventing bladder cancer involves maintaining a healthy lifestyle, regular exercise, proper diet, and avoiding risk factors such as smoking or alcohol consumption.",
bladder cancer,When should I seek medical help for bladder cancer?,"Seek medical help if you experience persistent or worsening symptoms of bladder cancer, such as blood in the urine,pain or burning when urinating,frequent urination,urgency to urinate,incontinence. Early intervention can prevent complications.",
bladder cancer,Are there any home remedies for bladder cancer?,"Some home remedies for bladder cancer include staying hydrated, consuming anti-inflammatory foods, and getting enough rest. However, professional medical advice is recommended.",
bladder cancer,Can bladder cancer be cured completely?,"Some cases of bladder cancer can be cured completely with early detection and proper treatment, while others require lifelong management. A urologist can guide you based on your condition.",
bladder cancer,Is bladder cancer contagious?,"Whether bladder cancer is contagious depends on its cause. If it's due to a viral or bacterial infection, it may spread through close contact. Consult a urologist for more details.",
bladder cancer,How does bladder cancer affect daily life?,"bladder cancer can impact daily activities by causing discomfort, fatigue, or limiting mobility. With proper treatment and lifestyle adjustments, many people successfully manage it.",
blood clot,What is blood clot?,"blood clot is a medical condition characterized by pain,swelling,redness,warmth,tenderness in the affected area,shortness of breath,chest pain,difficulty breathing,coughing up blood. It can result from various factors like infections, genetic predisposition, or lifestyle habits. Early diagnosis and treatment can help manage it effectively.",
blood clot,What causes blood clot?,"The causes of blood clot vary but often include factors like infections, environmental exposure, genetic mutations, and poor lifestyle habits. A cardiologist,hematologist can help identify the specific cause in your case.",
blood clot,What are the symptoms of blood clot?,"Common symptoms of blood clot include pain,swelling,redness,warmth,tenderness in the affected area,shortness of breath,chest pain,difficulty breathing,coughing up blood. If you experience these symptoms, it is advisable to consult a cardiologist,hematologist for proper evaluation.",
blood clot,How is blood clot diagnosed?,"blood clot is diagnosed using methods such as physical examinations, blood tests, imaging scans, and laboratory tests. A cardiologist,hematologist will determine the best approach based on your symptoms.",
blood clot,What treatments are available for blood clot?,"Treatment for blood clot typically includes treatment for blood clot may include medication,surgery,combination of both, along with lifestyle modifications and medications. Consultation with a cardiologist,hematologist is essential for proper treatment guidance.",
blood clot,Which doctor should I consult for blood clot?,"If you have blood clot, you should consult a cardiologist,hematologist, who specializes in diagnosing and treating this condition.",
blood clot,What foods should I eat or avoid if I have blood clot?,"A recommended diet for blood clot includes nutrient-rich foods like leafy greens, lean proteins, and whole grains. Avoid processed foods, high sugar, and excessive salt.",
blood clot,How can I prevent blood clot?,"Preventing blood clot involves maintaining a healthy lifestyle, regular exercise, proper diet, and avoiding risk factors such as smoking or alcohol consumption.",
blood clot,When should I seek medical help for blood clot?,"Seek medical help if you experience persistent or worsening symptoms of blood clot, such as pain,swelling,redness,warmth,tenderness in the affected area,shortness of breath,chest pain,difficulty breathing,coughing up blood. Early intervention can prevent complications.",
blood clot,Are there any home remedies for blood clot?,"Some home remedies for blood clot include staying hydrated, consuming anti-inflammatory foods, and getting enough rest. However, professional medical advice is recommended.",
blood clot,Can blood clot be cured completely?,"Some cases of blood clot can be cured completely with early detection and proper treatment, while others require lifelong management. A cardiologist,hematologist can guide you based on your condition.",
blood clot,Is blood clot contagious?,"Whether blood clot is contagious depends on its cause. If it's due to a viral or bacterial infection, it may spread through close contact. Consult a cardiologist,hematologist for more details.",
blood clot,How does blood clot affect daily life?,"blood clot can impact daily activities by causing discomfort, fatigue, or limiting mobility. With proper treatment and lifestyle adjustments, many people successfully manage it.",
bronchitis,What is bronchitis?,"bronchitis is a medical condition characterized by cough,mucus production,shortness of breath,chest pain. It can result from various factors like infections, genetic predisposition, or lifestyle habits. Early diagnosis and treatment can help manage it effectively.",
bronchitis,What causes bronchitis?,"The causes of bronchitis vary but often include factors like infections, environmental exposure, genetic mutations, and poor lifestyle habits. A family doctor,pulmonologist can help identify the specific cause in your case.",
bronchitis,What are the symptoms of bronchitis?,"Common symptoms of bronchitis include cough,mucus production,shortness of breath,chest pain. If you experience these symptoms, it is advisable to consult a family doctor,pulmonologist for proper evaluation.",
bronchitis,How is bronchitis diagnosed?,"bronchitis is diagnosed using methods such as physical examinations, blood tests, imaging scans, and laboratory tests. A family doctor,pulmonologist will determine the best approach based on your symptoms.",
bronchitis,What treatments are available for bronchitis?,"Treatment for bronchitis typically includes antibiotics,over-the-counter medications,rest,fluids, along with lifestyle modifications and medications. Consultation with a family doctor,pulmonologist is essential for proper treatment guidance.",
bronchitis,Which doctor should I consult for bronchitis?,"If you have bronchitis, you should consult a family doctor,pulmonologist, who specializes in diagnosing and treating this condition.",
bronchitis,What foods should I eat or avoid if I have bronchitis?,"A recommended diet for bronchitis includes nutrient-rich foods like leafy greens, lean proteins, and whole grains. Avoid processed foods, high sugar, and excessive salt.",
bronchitis,How can I prevent bronchitis?,"Preventing bronchitis involves maintaining a healthy lifestyle, regular exercise, proper diet, and avoiding risk factors such as smoking or alcohol consumption.",
bronchitis,When should I seek medical help for bronchitis?,"Seek medical help if you experience persistent or worsening symptoms of bronchitis, such as cough,mucus production,shortness of breath,chest pain. Early intervention can prevent complications.",
bronchitis,Are there any home remedies for bronchitis?,"Some home remedies for bronchitis include staying hydrated, consuming anti-inflammatory foods, and getting enough rest. However, professional medical advice is recommended.",
bronchitis,Can bronchitis be cured completely?,"Some cases of bronchitis can be cured completely with early detection and proper treatment, while others require lifelong management. A family doctor,pulmonologist can guide you based on your condition.",
bronchitis,Is bronchitis contagious?,"Whether bronchitis is contagious depends on its cause. If it's due to a viral or bacterial infection, it may spread through close contact. Consult a family doctor,pulmonologist for more details.",
bronchitis,How does bronchitis affect daily life?,"bronchitis can impact daily activities by causing discomfort, fatigue, or limiting mobility. With proper treatment and lifestyle adjustments, many people successfully manage it.",
bursitis,What is bursitis?,"bursitis is a medical condition characterized by pain,swelling,inflammation in bursa,which is small sac of fluid that cushions joints. It can result from various factors like infections, genetic predisposition, or lifestyle habits. Early diagnosis and treatment can help manage it effectively.",
bursitis,What causes bursitis?,"The causes of bursitis vary but often include factors like infections, environmental exposure, genetic mutations, and poor lifestyle habits. A family doctor,orthopedist can help identify the specific cause in your case.",
bursitis,What are the symptoms of bursitis?,"Common symptoms of bursitis include pain,swelling,inflammation in bursa,which is small sac of fluid that cushions joints. If you experience these symptoms, it is advisable to consult a family doctor,orthopedist for proper evaluation.",
bursitis,How is bursitis diagnosed?,"bursitis is diagnosed using methods such as physical examinations, blood tests, imaging scans, and laboratory tests. A family doctor,orthopedist will determine the best approach based on your symptoms.",
bursitis,What treatments are available for bursitis?,"Treatment for bursitis typically includes medication,rest,ice,compression,elevation, along with lifestyle modifications and medications. Consultation with a family doctor,orthopedist is essential for proper treatment guidance.",
bursitis,Which doctor should I consult for bursitis?,"If you have bursitis, you should consult a family doctor,orthopedist, who specializes in diagnosing and treating this condition.",
bursitis,What foods should I eat or avoid if I have bursitis?,"A recommended diet for bursitis includes nutrient-rich foods like leafy greens, lean proteins, and whole grains. Avoid processed foods, high sugar, and excessive salt.",
bursitis,How can I prevent bursitis?,"Preventing bursitis involves maintaining a healthy lifestyle, regular exercise, proper diet, and avoiding risk factors such as smoking or alcohol consumption.",
bursitis,When should I seek medical help for bursitis?,"Seek medical help if you experience persistent or worsening symptoms of bursitis, such as pain,swelling,inflammation in bursa,which is small sac of fluid that cushions joints. Early intervention can prevent complications.",
bursitis,Are there any home remedies for bursitis?,"Some home remedies for bursitis include staying hydrated, consuming anti-inflammatory foods, and getting enough rest. However, professional medical advice is recommended.",
bursitis,Can bursitis be cured completely?,"Some cases of bursitis can be cured completely with early detection and proper treatment, while others require lifelong management. A family doctor,orthopedist can guide you based on your condition.",
bursitis,Is bursitis contagious?,"Whether bursitis is contagious depends on its cause. If it's due to a viral or bacterial infection, it may spread through close contact. Consult a family doctor,orthopedist for more details.",
bursitis,How does bursitis affect daily life?,"bursitis can impact daily activities by causing discomfort, fatigue, or limiting mobility. With proper treatment and lifestyle adjustments, many people successfully manage it.",
cancer,What is cancer?,"cancer is a medical condition characterized by lump,unexplained weight loss,fatigue,changes in bowel,bladder habits,persistent cough,indigestion,unexplained bleeding or discharge. It can result from various factors like infections, genetic predisposition, or lifestyle habits. Early diagnosis and treatment can help manage it effectively.",
cancer,What causes cancer?,"The causes of cancer vary but often include factors like infections, environmental exposure, genetic mutations, and poor lifestyle habits. A oncologist can help identify the specific cause in your case.",
cancer,What are the symptoms of cancer?,"Common symptoms of cancer include lump,unexplained weight loss,fatigue,changes in bowel,bladder habits,persistent cough,indigestion,unexplained bleeding or discharge. If you experience these symptoms, it is advisable to consult a oncologist for proper evaluation.",
cancer,How is cancer diagnosed?,"cancer is diagnosed using methods such as physical examinations, blood tests, imaging scans, and laboratory tests. A oncologist will determine the best approach based on your symptoms.",
cancer,What treatments are available for cancer?,"Treatment for cancer typically includes surgery,chemotherapy,radiation therapy, along with lifestyle modifications and medications. Consultation with a oncologist is essential for proper treatment guidance.",
cancer,Which doctor should I consult for cancer?,"If you have cancer, you should consult a oncologist, who specializes in diagnosing and treating this condition.",
cancer,What foods should I eat or avoid if I have cancer?,"A recommended diet for cancer includes nutrient-rich foods like leafy greens, lean proteins, and whole grains. Avoid processed foods, high sugar, and excessive salt.",
cancer,How can I prevent cancer?,"Preventing cancer involves maintaining a healthy lifestyle, regular exercise, proper diet, and avoiding risk factors such as smoking or alcohol consumption.",
cancer,When should I seek medical help for cancer?,"Seek medical help if you experience persistent or worsening symptoms of cancer, such as lump,unexplained weight loss,fatigue,changes in bowel,bladder habits,persistent cough,indigestion,unexplained bleeding or discharge. Early intervention can prevent complications.",
cancer,Are there any home remedies for cancer?,"Some home remedies for cancer include staying hydrated, consuming anti-inflammatory foods, and getting enough rest. However, professional medical advice is recommended.",
cancer,Can cancer be cured completely?,"Some cases of cancer can be cured completely with early detection and proper treatment, while others require lifelong management. A oncologist can guide you based on your condition.",
cancer,Is cancer contagious?,"Whether cancer is contagious depends on its cause. If it's due to a viral or bacterial infection, it may spread through close contact. Consult a oncologist for more details.",
cancer,How does cancer affect daily life?,"cancer can impact daily activities by causing discomfort, fatigue, or limiting mobility. With proper treatment and lifestyle adjustments, many people successfully manage it.",
cervical cancer,What is cervical cancer?,"cervical cancer is a medical condition characterized by abnormal pap test results,abnormal vaginal bleeding,pain during sex. It can result from various factors like infections, genetic predisposition, or lifestyle habits. Early diagnosis and treatment can help manage it effectively.",
cervical cancer,What causes cervical cancer?,"The causes of cervical cancer vary but often include factors like infections, environmental exposure, genetic mutations, and poor lifestyle habits. A gynecologist can help identify the specific cause in your case.",
cervical cancer,What are the symptoms of cervical cancer?,"Common symptoms of cervical cancer include abnormal pap test results,abnormal vaginal bleeding,pain during sex. If you experience these symptoms, it is advisable to consult a gynecologist for proper evaluation.",
cervical cancer,How is cervical cancer diagnosed?,"cervical cancer is diagnosed using methods such as physical examinations, blood tests, imaging scans, and laboratory tests. A gynecologist will determine the best approach based on your symptoms.",
cervical cancer,What treatments are available for cervical cancer?,"Treatment for cervical cancer typically includes surgery,chemotherapy,radiation therapy, along with lifestyle modifications and medications. Consultation with a gynecologist is essential for proper treatment guidance.",
cervical cancer,Which doctor should I consult for cervical cancer?,"If you have cervical cancer, you should consult a gynecologist, who specializes in diagnosing and treating this condition.",
cervical cancer,What foods should I eat or avoid if I have cervical cancer?,"A recommended diet for cervical cancer includes nutrient-rich foods like leafy greens, lean proteins, and whole grains. Avoid processed foods, high sugar, and excessive salt.",
cervical cancer,How can I prevent cervical cancer?,"Preventing cervical cancer involves maintaining a healthy lifestyle, regular exercise, proper diet, and avoiding risk factors such as smoking or alcohol consumption.",
cervical cancer,When should I seek medical help for cervical cancer?,"Seek medical help if you experience persistent or worsening symptoms of cervical cancer, such as abnormal pap test results,abnormal vaginal bleeding,pain during sex. Early intervention can prevent complications.",
cervical cancer,Are there any home remedies for cervical cancer?,"Some home remedies for cervical cancer include staying hydrated, consuming anti-inflammatory foods, and getting enough rest. However, professional medical advice is recommended.",
cervical cancer,Can cervical cancer be cured completely?,"Some cases of cervical cancer can be cured completely with early detection and proper treatment, while others require lifelong management. A gynecologist can guide you based on your condition.",
cervical cancer,Is cervical cancer contagious?,"Whether cervical cancer is contagious depends on its cause. If it's due to a viral or bacterial infection, it may spread through close contact. Consult a gynecologist for more details.",
cervical cancer,How does cervical cancer affect daily life?,"cervical cancer can impact daily activities by causing discomfort, fatigue, or limiting mobility. With proper treatment and lifestyle adjustments, many people successfully manage it.",
chickenpox,What is chickenpox?,"chickenpox is a medical condition characterized by rash,fever,headache,muscle aches,fatigue. It can result from various factors like infections, genetic predisposition, or lifestyle habits. Early diagnosis and treatment can help manage it effectively.",
chickenpox,What causes chickenpox?,"The causes of chickenpox vary but often include factors like infections, environmental exposure, genetic mutations, and poor lifestyle habits. A family doctor,urgent care can help identify the specific cause in your case.",
chickenpox,What are the symptoms of chickenpox?,"Common symptoms of chickenpox include rash,fever,headache,muscle aches,fatigue. If you experience these symptoms, it is advisable to consult a family doctor,urgent care for proper evaluation.",
chickenpox,How is chickenpox diagnosed?,"chickenpox is diagnosed using methods such as physical examinations, blood tests, imaging scans, and laboratory tests. A family doctor,urgent care will determine the best approach based on your symptoms.",
chickenpox,What treatments are available for chickenpox?,"Treatment for chickenpox typically includes antiviral medication,over-the-counter medications,rest,fluids, along with lifestyle modifications and medications. Consultation with a family doctor,urgent care is essential for proper treatment guidance.",
chickenpox,Which doctor should I consult for chickenpox?,"If you have chickenpox, you should consult a family doctor,urgent care, who specializes in diagnosing and treating this condition.",
chickenpox,What foods should I eat or avoid if I have chickenpox?,"A recommended diet for chickenpox includes nutrient-rich foods like leafy greens, lean proteins, and whole grains. Avoid processed foods, high sugar, and excessive salt.",
chickenpox,How can I prevent chickenpox?,"Preventing chickenpox involves maintaining a healthy lifestyle, regular exercise, proper diet, and avoiding risk factors such as smoking or alcohol consumption.",
chickenpox,When should I seek medical help for chickenpox?,"Seek medical help if you experience persistent or worsening symptoms of chickenpox, such as rash,fever,headache,muscle aches,fatigue. Early intervention can prevent complications.",
chickenpox,Are there any home remedies for chickenpox?,"Some home remedies for chickenpox include staying hydrated, consuming anti-inflammatory foods, and getting enough rest. However, professional medical advice is recommended.",
chickenpox,Can chickenpox be cured completely?,"Some cases of chickenpox can be cured completely with early detection and proper treatment, while others require lifelong management. A family doctor,urgent care can guide you based on your condition.",
chickenpox,Is chickenpox contagious?,"Whether chickenpox is contagious depends on its cause. If it's due to a viral or bacterial infection, it may spread through close contact. Consult a family doctor,urgent care for more details.",
chickenpox,How does chickenpox affect daily life?,"chickenpox can impact daily activities by causing discomfort, fatigue, or limiting mobility. With proper treatment and lifestyle adjustments, many people successfully manage it.",
chronic obstructive pulmonary disease (copd),What is chronic obstructive pulmonary disease (copd)?,"chronic obstructive pulmonary disease (copd) is a medical condition characterized by chronic bronchitis,emphysema. It can result from various factors like infections, genetic predisposition, or lifestyle habits. Early diagnosis and treatment can help manage it effectively.",
chronic obstructive pulmonary disease (copd),What causes chronic obstructive pulmonary disease (copd)?,"The causes of chronic obstructive pulmonary disease (copd) vary but often include factors like infections, environmental exposure, genetic mutations, and poor lifestyle habits. A pulmonologist can help identify the specific cause in your case.",
chronic obstructive pulmonary disease (copd),What are the symptoms of chronic obstructive pulmonary disease (copd)?,"Common symptoms of chronic obstructive pulmonary disease (copd) include chronic bronchitis,emphysema. If you experience these symptoms, it is advisable to consult a pulmonologist for proper evaluation.",
chronic obstructive pulmonary disease (copd),How is chronic obstructive pulmonary disease (copd) diagnosed?,"chronic obstructive pulmonary disease (copd) is diagnosed using methods such as physical examinations, blood tests, imaging scans, and laboratory tests. A pulmonologist will determine the best approach based on your symptoms.",
chronic obstructive pulmonary disease (copd),What treatments are available for chronic obstructive pulmonary disease (copd)?,"Treatment for chronic obstructive pulmonary disease (copd) typically includes treatment for copd may include medication,lifestyle changes,oxygen therapy, along with lifestyle modifications and medications. Consultation with a pulmonologist is essential for proper treatment guidance.",
chronic obstructive pulmonary disease (copd),Which doctor should I consult for chronic obstructive pulmonary disease (copd)?,"If you have chronic obstructive pulmonary disease (copd), you should consult a pulmonologist, who specializes in diagnosing and treating this condition.",
chronic obstructive pulmonary disease (copd),What foods should I eat or avoid if I have chronic obstructive pulmonary disease (copd)?,"A recommended diet for chronic obstructive pulmonary disease (copd) includes nutrient-rich foods like leafy greens, lean proteins, and whole grains. Avoid processed foods, high sugar, and excessive salt.",
chronic obstructive pulmonary disease (copd),How can I prevent chronic obstructive pulmonary disease (copd)?,"Preventing chronic obstructive pulmonary disease (copd) involves maintaining a healthy lifestyle, regular exercise, proper diet, and avoiding risk factors such as smoking or alcohol consumption.",
chronic obstructive pulmonary disease (copd),When should I seek medical help for chronic obstructive pulmonary disease (copd)?,"Seek medical help if you experience persistent or worsening symptoms of chronic obstructive pulmonary disease (copd), such as chronic bronchitis,emphysema. Early intervention can prevent complications.",
chronic obstructive pulmonary disease (copd),Are there any home remedies for chronic obstructive pulmonary disease (copd)?,"Some home remedies for chronic obstructive pulmonary disease (copd) include staying hydrated, consuming anti-inflammatory foods, and getting enough rest. However, professional medical advice is recommended.",
chronic obstructive pulmonary disease (copd),Can chronic obstructive pulmonary disease (copd) be cured completely?,"Some cases of chronic obstructive pulmonary disease (copd) can be cured completely with early detection and proper treatment, while others require lifelong management. A pulmonologist can guide you based on your condition.",
chronic obstructive pulmonary disease (copd),Is chronic obstructive pulmonary disease (copd) contagious?,"Whether chronic obstructive pulmonary disease (copd) is contagious depends on its cause. If it's due to a viral or bacterial infection, it may spread through close contact. Consult a pulmonologist for more details.",
chronic obstructive pulmonary disease (copd),How does chronic obstructive pulmonary disease (copd) affect daily life?,"chronic obstructive pulmonary disease (copd) can impact daily activities by causing discomfort, fatigue, or limiting mobility. With proper treatment and lifestyle adjustments, many people successfully manage it.",
cholesterol,What is cholesterol?,"cholesterol is a medical condition characterized by high levels of cholesterol in the blood. It can result from various factors like infections, genetic predisposition, or lifestyle habits. Early diagnosis and treatment can help manage it effectively.",
cholesterol,What causes cholesterol?,"The causes of cholesterol vary but often include factors like infections, environmental exposure, genetic mutations, and poor lifestyle habits. A cardiologist can help identify the specific cause in your case.",
cholesterol,What are the symptoms of cholesterol?,"Common symptoms of cholesterol include high levels of cholesterol in the blood. If you experience these symptoms, it is advisable to consult a cardiologist for proper evaluation.",
cholesterol,How is cholesterol diagnosed?,"cholesterol is diagnosed using methods such as physical examinations, blood tests, imaging scans, and laboratory tests. A cardiologist will determine the best approach based on your symptoms.",
cholesterol,What treatments are available for cholesterol?,"Treatment for cholesterol typically includes diet,exercise,medication, along with lifestyle modifications and medications. Consultation with a cardiologist is essential for proper treatment guidance.",
cholesterol,Which doctor should I consult for cholesterol?,"If you have cholesterol, you should consult a cardiologist, who specializes in diagnosing and treating this condition.",
cholesterol,What foods should I eat or avoid if I have cholesterol?,"A recommended diet for cholesterol includes nutrient-rich foods like leafy greens, lean proteins, and whole grains. Avoid processed foods, high sugar, and excessive salt.",
cholesterol,How can I prevent cholesterol?,"Preventing cholesterol involves maintaining a healthy lifestyle, regular exercise, proper diet, and avoiding risk factors such as smoking or alcohol consumption.",
cholesterol,When should I seek medical help for cholesterol?,"Seek medical help if you experience persistent or worsening symptoms of cholesterol, such as high levels of cholesterol in the blood. Early intervention can prevent complications.",
cholesterol,Are there any home remedies for cholesterol?,"Some home remedies for cholesterol include staying hydrated, consuming anti-inflammatory foods, and getting enough rest. However, professional medical advice is recommended.",
cholesterol,Can cholesterol be cured completely?,"Some cases of cholesterol can be cured completely with early detection and proper treatment, while others require lifelong management. A cardiologist can guide you based on your condition.",
cholesterol,Is cholesterol contagious?,"Whether cholesterol is contagious depends on its cause. If it's due to a viral or bacterial infection, it may spread through close contact. Consult a cardiologist for more details.",
cholesterol,How does cholesterol affect daily life?,"cholesterol can impact daily activities by causing discomfort, fatigue, or limiting mobility. With proper treatment and lifestyle adjustments, many people successfully manage it.",
common cold,What is common cold?,"common cold is a medical condition characterized by runny nose,sneezing,sore throat,cough,congestion. It can result from various factors like infections, genetic predisposition, or lifestyle habits. Early diagnosis and treatment can help manage it effectively.",
common cold,What causes common cold?,"The causes of common cold vary but often include factors like infections, environmental exposure, genetic mutations, and poor lifestyle habits. A family doctor,urgent care can help identify the specific cause in your case.",
common cold,What are the symptoms of common cold?,"Common symptoms of common cold include runny nose,sneezing,sore throat,cough,congestion. If you experience these symptoms, it is advisable to consult a family doctor,urgent care for proper evaluation.",
common cold,How is common cold diagnosed?,"common cold is diagnosed using methods such as physical examinations, blood tests, imaging scans, and laboratory tests. A family doctor,urgent care will determine the best approach based on your symptoms.",
common cold,What treatments are available for common cold?,"Treatment for common cold typically includes over-the-counter medications,rest,fluids, along with lifestyle modifications and medications. Consultation with a family doctor,urgent care is essential for proper treatment guidance.",
common cold,Which doctor should I consult for common cold?,"If you have common cold, you should consult a family doctor,urgent care, who specializes in diagnosing and treating this condition.",
common cold,What foods should I eat or avoid if I have common cold?,"A recommended diet for common cold includes nutrient-rich foods like leafy greens, lean proteins, and whole grains. Avoid processed foods, high sugar, and excessive salt.",
common cold,How can I prevent common cold?,"Preventing common cold involves maintaining a healthy lifestyle, regular exercise, proper diet, and avoiding risk factors such as smoking or alcohol consumption.",
common cold,When should I seek medical help for common cold?,"Seek medical help if you experience persistent or worsening symptoms of common cold, such as runny nose,sneezing,sore throat,cough,congestion. Early intervention can prevent complications.",
common cold,Are there any home remedies for common cold?,"Some home remedies for common cold include staying hydrated, consuming anti-inflammatory foods, and getting enough rest. However, professional medical advice is recommended.",
common cold,Can common cold be cured completely?,"Some cases of common cold can be cured completely with early detection and proper treatment, while others require lifelong management. A family doctor,urgent care can guide you based on your condition.",
common cold,Is common cold contagious?,"Whether common cold is contagious depends on its cause. If it's due to a viral or bacterial infection, it may spread through close contact. Consult a family doctor,urgent care for more details.",
common cold,How does common cold affect daily life?,"common cold can impact daily activities by causing discomfort, fatigue, or limiting mobility. With proper treatment and lifestyle adjustments, many people successfully manage it.",
conjunctivitis,What is conjunctivitis?,"conjunctivitis is a medical condition characterized by red,itchy,watery eyes. It can result from various factors like infections, genetic predisposition, or lifestyle habits. Early diagnosis and treatment can help manage it effectively.",
conjunctivitis,What causes conjunctivitis?,"The causes of conjunctivitis vary but often include factors like infections, environmental exposure, genetic mutations, and poor lifestyle habits. A family doctor,ophthalmologist can help identify the specific cause in your case.",
conjunctivitis,What are the symptoms of conjunctivitis?,"Common symptoms of conjunctivitis include red,itchy,watery eyes. If you experience these symptoms, it is advisable to consult a family doctor,ophthalmologist for proper evaluation.",
conjunctivitis,How is conjunctivitis diagnosed?,"conjunctivitis is diagnosed using methods such as physical examinations, blood tests, imaging scans, and laboratory tests. A family doctor,ophthalmologist will determine the best approach based on your symptoms.",
conjunctivitis,What treatments are available for conjunctivitis?,"Treatment for conjunctivitis typically includes over-the-counter medications,warm compresses, along with lifestyle modifications and medications. Consultation with a family doctor,ophthalmologist is essential for proper treatment guidance.",
conjunctivitis,Which doctor should I consult for conjunctivitis?,"If you have conjunctivitis, you should consult a family doctor,ophthalmologist, who specializes in diagnosing and treating this condition.",
conjunctivitis,What foods should I eat or avoid if I have conjunctivitis?,"A recommended diet for conjunctivitis includes nutrient-rich foods like leafy greens, lean proteins, and whole grains. Avoid processed foods, high sugar, and excessive salt.",
conjunctivitis,How can I prevent conjunctivitis?,"Preventing conjunctivitis involves maintaining a healthy lifestyle, regular exercise, proper diet, and avoiding risk factors such as smoking or alcohol consumption.",
conjunctivitis,When should I seek medical help for conjunctivitis?,"Seek medical help if you experience persistent or worsening symptoms of conjunctivitis, such as red,itchy,watery eyes. Early intervention can prevent complications.",
conjunctivitis,Are there any home remedies for conjunctivitis?,"Some home remedies for conjunctivitis include staying hydrated, consuming anti-inflammatory foods, and getting enough rest. However, professional medical advice is recommended.",
conjunctivitis,Can conjunctivitis be cured completely?,"Some cases of conjunctivitis can be cured completely with early detection and proper treatment, while others require lifelong management. A family doctor,ophthalmologist can guide you based on your condition.",
conjunctivitis,Is conjunctivitis contagious?,"Whether conjunctivitis is contagious depends on its cause. If it's due to a viral or bacterial infection, it may spread through close contact. Consult a family doctor,ophthalmologist for more details.",
conjunctivitis,How does conjunctivitis affect daily life?,"conjunctivitis can impact daily activities by causing discomfort, fatigue, or limiting mobility. With proper treatment and lifestyle adjustments, many people successfully manage it.",
depression ,What is depression ?,"depression  is a medical condition characterized by sadness,hopelessness,loss of interest in activities,changes in appetite,sleep,energy levels. It can result from various factors like infections, genetic predisposition, or lifestyle habits. Early diagnosis and treatment can help manage it effectively.",
depression ,What causes depression ?,"The causes of depression  vary but often include factors like infections, environmental exposure, genetic mutations, and poor lifestyle habits. A psychologist,psychiatrist can help identify the specific cause in your case.",
depression ,What are the symptoms of depression ?,"Common symptoms of depression  include sadness,hopelessness,loss of interest in activities,changes in appetite,sleep,energy levels. If you experience these symptoms, it is advisable to consult a psychologist,psychiatrist for proper evaluation.",
depression ,How is depression  diagnosed?,"depression  is diagnosed using methods such as physical examinations, blood tests, imaging scans, and laboratory tests. A psychologist,psychiatrist will determine the best approach based on your symptoms.",
depression ,What treatments are available for depression ?,"Treatment for depression  typically includes treatment for depression may include medication,therapy,combination of both, along with lifestyle modifications and medications. Consultation with a psychologist,psychiatrist is essential for proper treatment guidance.",
depression ,Which doctor should I consult for depression ?,"If you have depression , you should consult a psychologist,psychiatrist, who specializes in diagnosing and treating this condition.",
depression ,What foods should I eat or avoid if I have depression ?,"A recommended diet for depression  includes nutrient-rich foods like leafy greens, lean proteins, and whole grains. Avoid processed foods, high sugar, and excessive salt.",
depression ,How can I prevent depression ?,"Preventing depression  involves maintaining a healthy lifestyle, regular exercise, proper diet, and avoiding risk factors such as smoking or alcohol consumption.",
depression ,When should I seek medical help for depression ?,"Seek medical help if you experience persistent or worsening symptoms of depression , such as sadness,hopelessness,loss of interest in activities,changes in appetite,sleep,energy levels. Early intervention can prevent complications.",
depression ,Are there any home remedies for depression ?,"Some home remedies for depression  include staying hydrated, consuming anti-inflammatory foods, and getting enough rest. However, professional medical advice is recommended.",
depression ,Can depression  be cured completely?,"Some cases of depression  can be cured completely with early detection and proper treatment, while others require lifelong management. A psychologist,psychiatrist can guide you based on your condition.",
depression ,Is depression  contagious?,"Whether depression  is contagious depends on its cause. If it's due to a viral or bacterial infection, it may spread through close contact. Consult a psychologist,psychiatrist for more details.",
depression ,How does depression  affect daily life?,"depression  can impact daily activities by causing discomfort, fatigue, or limiting mobility. With proper treatment and lifestyle adjustments, many people successfully manage it.",
diabetes,What is diabetes?,"diabetes is a medical condition characterized by increased thirst,frequent urination,unexplained weight loss,fatigue,blurred vision,cuts that are slow to heal. It can result from various factors like infections, genetic predisposition, or lifestyle habits. Early diagnosis and treatment can help manage it effectively.",
diabetes,What causes diabetes?,"The causes of diabetes vary but often include factors like infections, environmental exposure, genetic mutations, and poor lifestyle habits. A endocrinologist can help identify the specific cause in your case.",
diabetes,What are the symptoms of diabetes?,"Common symptoms of diabetes include increased thirst,frequent urination,unexplained weight loss,fatigue,blurred vision,cuts that are slow to heal. If you experience these symptoms, it is advisable to consult a endocrinologist for proper evaluation.",
diabetes,How is diabetes diagnosed?,"diabetes is diagnosed using methods such as physical examinations, blood tests, imaging scans, and laboratory tests. A endocrinologist will determine the best approach based on your symptoms.",
diabetes,What treatments are available for diabetes?,"Treatment for diabetes typically includes diet,exercise,medication, along with lifestyle modifications and medications. Consultation with a endocrinologist is essential for proper treatment guidance.",
diabetes,Which doctor should I consult for diabetes?,"If you have diabetes, you should consult a endocrinologist, who specializes in diagnosing and treating this condition.",
diabetes,What foods should I eat or avoid if I have diabetes?,"A recommended diet for diabetes includes nutrient-rich foods like leafy greens, lean proteins, and whole grains. Avoid processed foods, high sugar, and excessive salt.",
diabetes,How can I prevent diabetes?,"Preventing diabetes involves maintaining a healthy lifestyle, regular exercise, proper diet, and avoiding risk factors such as smoking or alcohol consumption.",
diabetes,When should I seek medical help for diabetes?,"Seek medical help if you experience persistent or worsening symptoms of diabetes, such as increased thirst,frequent urination,unexplained weight loss,fatigue,blurred vision,cuts that are slow to heal. Early intervention can prevent complications.",
diabetes,Are there any home remedies for diabetes?,"Some home remedies for diabetes include staying hydrated, consuming anti-inflammatory foods, and getting enough rest. However, professional medical advice is recommended.",
diabetes,Can diabetes be cured completely?,"Some cases of diabetes can be cured completely with early detection and proper treatment, while others require lifelong management. A endocrinologist can guide you based on your condition.",
diabetes,Is diabetes contagious?,"Whether diabetes is contagious depends on its cause. If it's due to a viral or bacterial infection, it may spread through close contact. Consult a endocrinologist for more details.",
diabetes,How does diabetes affect daily life?,"diabetes can impact daily activities by causing discomfort, fatigue, or limiting mobility. With proper treatment and lifestyle adjustments, many people successfully manage it.",
diarrhea,What is diarrhea?,"diarrhea is a medical condition characterized by loose,watery stools. It can result from various factors like infections, genetic predisposition, or lifestyle habits. Early diagnosis and treatment can help manage it effectively.",
diarrhea,What causes diarrhea?,"The causes of diarrhea vary but often include factors like infections, environmental exposure, genetic mutations, and poor lifestyle habits. A family doctor,urgent care can help identify the specific cause in your case.",
diarrhea,What are the symptoms of diarrhea?,"Common symptoms of diarrhea include loose,watery stools. If you experience these symptoms, it is advisable to consult a family doctor,urgent care for proper evaluation.",
diarrhea,How is diarrhea diagnosed?,"diarrhea is diagnosed using methods such as physical examinations, blood tests, imaging scans, and laboratory tests. A family doctor,urgent care will determine the best approach based on your symptoms.",
diarrhea,What treatments are available for diarrhea?,"Treatment for diarrhea typically includes over-the-counter medications,rest,fluids, along with lifestyle modifications and medications. Consultation with a family doctor,urgent care is essential for proper treatment guidance.",
diarrhea,Which doctor should I consult for diarrhea?,"If you have diarrhea, you should consult a family doctor,urgent care, who specializes in diagnosing and treating this condition.",
diarrhea,What foods should I eat or avoid if I have diarrhea?,"A recommended diet for diarrhea includes nutrient-rich foods like leafy greens, lean proteins, and whole grains. Avoid processed foods, high sugar, and excessive salt.",
diarrhea,How can I prevent diarrhea?,"Preventing diarrhea involves maintaining a healthy lifestyle, regular exercise, proper diet, and avoiding risk factors such as smoking or alcohol consumption.",
diarrhea,When should I seek medical help for diarrhea?,"Seek medical help if you experience persistent or worsening symptoms of diarrhea, such as loose,watery stools. Early intervention can prevent complications.",
diarrhea,Are there any home remedies for diarrhea?,"Some home remedies for diarrhea include staying hydrated, consuming anti-inflammatory foods, and getting enough rest. However, professional medical advice is recommended.",
diarrhea,Can diarrhea be cured completely?,"Some cases of diarrhea can be cured completely with early detection and proper treatment, while others require lifelong management. A family doctor,urgent care can guide you based on your condition.",
diarrhea,Is diarrhea contagious?,"Whether diarrhea is contagious depends on its cause. If it's due to a viral or bacterial infection, it may spread through close contact. Consult a family doctor,urgent care for more details.",
diarrhea,How does diarrhea affect daily life?,"diarrhea can impact daily activities by causing discomfort, fatigue, or limiting mobility. With proper treatment and lifestyle adjustments, many people successfully manage it.",
eating disorder,What is eating disorder?,"eating disorder is a medical condition characterized by disturbance in eating behavior that can lead to serious health problems. It can result from various factors like infections, genetic predisposition, or lifestyle habits. Early diagnosis and treatment can help manage it effectively.",
eating disorder,What causes eating disorder?,"The causes of eating disorder vary but often include factors like infections, environmental exposure, genetic mutations, and poor lifestyle habits. A psychologist,psychiatrist can help identify the specific cause in your case.",
eating disorder,What are the symptoms of eating disorder?,"Common symptoms of eating disorder include disturbance in eating behavior that can lead to serious health problems. If you experience these symptoms, it is advisable to consult a psychologist,psychiatrist for proper evaluation.",
eating disorder,How is eating disorder diagnosed?,"eating disorder is diagnosed using methods such as physical examinations, blood tests, imaging scans, and laboratory tests. A psychologist,psychiatrist will determine the best approach based on your symptoms.",
eating disorder,What treatments are available for eating disorder?,"Treatment for eating disorder typically includes treatment for eating disorders may include therapy,medication,support groups, along with lifestyle modifications and medications. Consultation with a psychologist,psychiatrist is essential for proper treatment guidance.",
eating disorder,Which doctor should I consult for eating disorder?,"If you have eating disorder, you should consult a psychologist,psychiatrist, who specializes in diagnosing and treating this condition.",
eating disorder,What foods should I eat or avoid if I have eating disorder?,"A recommended diet for eating disorder includes nutrient-rich foods like leafy greens, lean proteins, and whole grains. Avoid processed foods, high sugar, and excessive salt.",
eating disorder,How can I prevent eating disorder?,"Preventing eating disorder involves maintaining a healthy lifestyle, regular exercise, proper diet, and avoiding risk factors such as smoking or alcohol consumption.",
eating disorder,When should I seek medical help for eating disorder?,"Seek medical help if you experience persistent or worsening symptoms of eating disorder, such as disturbance in eating behavior that can lead to serious health problems. Early intervention can prevent complications.",
eating disorder,Are there any home remedies for eating disorder?,"Some home remedies for eating disorder include staying hydrated, consuming anti-inflammatory foods, and getting enough rest. However, professional medical advice is recommended.",
eating disorder,Can eating disorder be cured completely?,"Some cases of eating disorder can be cured completely with early detection and proper treatment, while others require lifelong management. A psychologist,psychiatrist can guide you based on your condition.",
eating disorder,Is eating disorder contagious?,"Whether eating disorder is contagious depends on its cause. If it's due to a viral or bacterial infection, it may spread through close contact. Consult a psychologist,psychiatrist for more details.",
eating disorder,How does eating disorder affect daily life?,"eating disorder can impact daily activities by causing discomfort, fatigue, or limiting mobility. With proper treatment and lifestyle adjustments, many people successfully manage it.",
epilepsy,What is epilepsy?,"epilepsy is a medical condition characterized by seizures. It can result from various factors like infections, genetic predisposition, or lifestyle habits. Early diagnosis and treatment can help manage it effectively.",
epilepsy,What causes epilepsy?,"The causes of epilepsy vary but often include factors like infections, environmental exposure, genetic mutations, and poor lifestyle habits. A  neurologist  can help identify the specific cause in your case.",
epilepsy,What are the symptoms of epilepsy?,"Common symptoms of epilepsy include seizures. If you experience these symptoms, it is advisable to consult a  neurologist  for proper evaluation.",
epilepsy,How is epilepsy diagnosed?,"epilepsy is diagnosed using methods such as physical examinations, blood tests, imaging scans, and laboratory tests. A  neurologist  will determine the best approach based on your symptoms.",
epilepsy,What treatments are available for epilepsy?,"Treatment for epilepsy typically includes medication,surgery, along with lifestyle modifications and medications. Consultation with a  neurologist  is essential for proper treatment guidance.",
epilepsy,Which doctor should I consult for epilepsy?,"If you have epilepsy, you should consult a  neurologist , who specializes in diagnosing and treating this condition.",
epilepsy,What foods should I eat or avoid if I have epilepsy?,"A recommended diet for epilepsy includes nutrient-rich foods like leafy greens, lean proteins, and whole grains. Avoid processed foods, high sugar, and excessive salt.",
epilepsy,How can I prevent epilepsy?,"Preventing epilepsy involves maintaining a healthy lifestyle, regular exercise, proper diet, and avoiding risk factors such as smoking or alcohol consumption.",
epilepsy,When should I seek medical help for epilepsy?,"Seek medical help if you experience persistent or worsening symptoms of epilepsy, such as seizures. Early intervention can prevent complications.",
epilepsy,Are there any home remedies for epilepsy?,"Some home remedies for epilepsy include staying hydrated, consuming anti-inflammatory foods, and getting enough rest. However, professional medical advice is recommended.",
epilepsy,Can epilepsy be cured completely?,"Some cases of epilepsy can be cured completely with early detection and proper treatment, while others require lifelong management. A  neurologist  can guide you based on your condition.",
epilepsy,Is epilepsy contagious?,"Whether epilepsy is contagious depends on its cause. If it's due to a viral or bacterial infection, it may spread through close contact. Consult a  neurologist  for more details.",
epilepsy,How does epilepsy affect daily life?,"epilepsy can impact daily activities by causing discomfort, fatigue, or limiting mobility. With proper treatment and lifestyle adjustments, many people successfully manage it.",
fever,What is fever?,"fever is a medical condition characterized by elevated body temperature . It can result from various factors like infections, genetic predisposition, or lifestyle habits. Early diagnosis and treatment can help manage it effectively.",
fever,What causes fever?,"The causes of fever vary but often include factors like infections, environmental exposure, genetic mutations, and poor lifestyle habits. A family doctor,urgent care can help identify the specific cause in your case.",
fever,What are the symptoms of fever?,"Common symptoms of fever include elevated body temperature . If you experience these symptoms, it is advisable to consult a family doctor,urgent care for proper evaluation.",
fever,How is fever diagnosed?,"fever is diagnosed using methods such as physical examinations, blood tests, imaging scans, and laboratory tests. A family doctor,urgent care will determine the best approach based on your symptoms.",
fever,What treatments are available for fever?,"Treatment for fever typically includes over-the-counter medications,rest,fluids, along with lifestyle modifications and medications. Consultation with a family doctor,urgent care is essential for proper treatment guidance.",
fever,Which doctor should I consult for fever?,"If you have fever, you should consult a family doctor,urgent care, who specializes in diagnosing and treating this condition.",
fever,What foods should I eat or avoid if I have fever?,"A recommended diet for fever includes nutrient-rich foods like leafy greens, lean proteins, and whole grains. Avoid processed foods, high sugar, and excessive salt.",
fever,How can I prevent fever?,"Preventing fever involves maintaining a healthy lifestyle, regular exercise, proper diet, and avoiding risk factors such as smoking or alcohol consumption.",
fever,When should I seek medical help for fever?,"Seek medical help if you experience persistent or worsening symptoms of fever, such as elevated body temperature . Early intervention can prevent complications.",
fever,Are there any home remedies for fever?,"Some home remedies for fever include staying hydrated, consuming anti-inflammatory foods, and getting enough rest. However, professional medical advice is recommended.",
fever,Can fever be cured completely?,"Some cases of fever can be cured completely with early detection and proper treatment, while others require lifelong management. A family doctor,urgent care can guide you based on your condition.",
fever,Is fever contagious?,"Whether fever is contagious depends on its cause. If it's due to a viral or bacterial infection, it may spread through close contact. Consult a family doctor,urgent care for more details.",
fever,How does fever affect daily life?,"fever can impact daily activities by causing discomfort, fatigue, or limiting mobility. With proper treatment and lifestyle adjustments, many people successfully manage it.",
food poisoning,What is food poisoning?,"food poisoning is a medical condition characterized by nausea,vomiting,diarrhea,abdominal cramps. It can result from various factors like infections, genetic predisposition, or lifestyle habits. Early diagnosis and treatment can help manage it effectively.",
food poisoning,What causes food poisoning?,"The causes of food poisoning vary but often include factors like infections, environmental exposure, genetic mutations, and poor lifestyle habits. A family doctor,urgent care can help identify the specific cause in your case.",
food poisoning,What are the symptoms of food poisoning?,"Common symptoms of food poisoning include nausea,vomiting,diarrhea,abdominal cramps. If you experience these symptoms, it is advisable to consult a family doctor,urgent care for proper evaluation.",
food poisoning,How is food poisoning diagnosed?,"food poisoning is diagnosed using methods such as physical examinations, blood tests, imaging scans, and laboratory tests. A family doctor,urgent care will determine the best approach based on your symptoms.",
food poisoning,What treatments are available for food poisoning?,"Treatment for food poisoning typically includes over-the-counter medications,rest,fluids, along with lifestyle modifications and medications. Consultation with a family doctor,urgent care is essential for proper treatment guidance.",
food poisoning,Which doctor should I consult for food poisoning?,"If you have food poisoning, you should consult a family doctor,urgent care, who specializes in diagnosing and treating this condition.",
food poisoning,What foods should I eat or avoid if I have food poisoning?,"A recommended diet for food poisoning includes nutrient-rich foods like leafy greens, lean proteins, and whole grains. Avoid processed foods, high sugar, and excessive salt.",
food poisoning,How can I prevent food poisoning?,"Preventing food poisoning involves maintaining a healthy lifestyle, regular exercise, proper diet, and avoiding risk factors such as smoking or alcohol consumption.",
food poisoning,When should I seek medical help for food poisoning?,"Seek medical help if you experience persistent or worsening symptoms of food poisoning, such as nausea,vomiting,diarrhea,abdominal cramps. Early intervention can prevent complications.",
food poisoning,Are there any home remedies for food poisoning?,"Some home remedies for food poisoning include staying hydrated, consuming anti-inflammatory foods, and getting enough rest. However, professional medical advice is recommended.",
food poisoning,Can food poisoning be cured completely?,"Some cases of food poisoning can be cured completely with early detection and proper treatment, while others require lifelong management. A family doctor,urgent care can guide you based on your condition.",
food poisoning,Is food poisoning contagious?,"Whether food poisoning is contagious depends on its cause. If it's due to a viral or bacterial infection, it may spread through close contact. Consult a family doctor,urgent care for more details.",
food poisoning,How does food poisoning affect daily life?,"food poisoning can impact daily activities by causing discomfort, fatigue, or limiting mobility. With proper treatment and lifestyle adjustments, many people successfully manage it.",
gallstones,What is gallstones?,"gallstones is a medical condition characterized by pain in the upper right abdomen,nausea,vomiting,fever. It can result from various factors like infections, genetic predisposition, or lifestyle habits. Early diagnosis and treatment can help manage it effectively.",
gallstones,What causes gallstones?,"The causes of gallstones vary but often include factors like infections, environmental exposure, genetic mutations, and poor lifestyle habits. A surgeon  can help identify the specific cause in your case.",
gallstones,What are the symptoms of gallstones?,"Common symptoms of gallstones include pain in the upper right abdomen,nausea,vomiting,fever. If you experience these symptoms, it is advisable to consult a surgeon  for proper evaluation.",
gallstones,How is gallstones diagnosed?,"gallstones is diagnosed using methods such as physical examinations, blood tests, imaging scans, and laboratory tests. A surgeon  will determine the best approach based on your symptoms.",
gallstones,What treatments are available for gallstones?,"Treatment for gallstones typically includes surgery, along with lifestyle modifications and medications. Consultation with a surgeon  is essential for proper treatment guidance.",
gallstones,Which doctor should I consult for gallstones?,"If you have gallstones, you should consult a surgeon , who specializes in diagnosing and treating this condition.",
gallstones,What foods should I eat or avoid if I have gallstones?,"A recommended diet for gallstones includes nutrient-rich foods like leafy greens, lean proteins, and whole grains. Avoid processed foods, high sugar, and excessive salt.",
gallstones,How can I prevent gallstones?,"Preventing gallstones involves maintaining a healthy lifestyle, regular exercise, proper diet, and avoiding risk factors such as smoking or alcohol consumption.",
gallstones,When should I seek medical help for gallstones?,"Seek medical help if you experience persistent or worsening symptoms of gallstones, such as pain in the upper right abdomen,nausea,vomiting,fever. Early intervention can prevent complications.",
gallstones,Are there any home remedies for gallstones?,"Some home remedies for gallstones include staying hydrated, consuming anti-inflammatory foods, and getting enough rest. However, professional medical advice is recommended.",
gallstones,Can gallstones be cured completely?,"Some cases of gallstones can be cured completely with early detection and proper treatment, while others require lifelong management. A surgeon  can guide you based on your condition.",
gallstones,Is gallstones contagious?,"Whether gallstones is contagious depends on its cause. If it's due to a viral or bacterial infection, it may spread through close contact. Consult a surgeon  for more details.",
gallstones,How does gallstones affect daily life?,"gallstones can impact daily activities by causing discomfort, fatigue, or limiting mobility. With proper treatment and lifestyle adjustments, many people successfully manage it.",
gonorrhea,What is gonorrhea?,"gonorrhea is a medical condition characterized by sexually transmitted infection that can cause burning during urination,discharge from the penis or vagina,pain in the lower abdomen. It can result from various factors like infections, genetic predisposition, or lifestyle habits. Early diagnosis and treatment can help manage it effectively.",
gonorrhea,What causes gonorrhea?,"The causes of gonorrhea vary but often include factors like infections, environmental exposure, genetic mutations, and poor lifestyle habits. A urologist,gynecologist can help identify the specific cause in your case.",
gonorrhea,What are the symptoms of gonorrhea?,"Common symptoms of gonorrhea include sexually transmitted infection that can cause burning during urination,discharge from the penis or vagina,pain in the lower abdomen. If you experience these symptoms, it is advisable to consult a urologist,gynecologist for proper evaluation.",
gonorrhea,How is gonorrhea diagnosed?,"gonorrhea is diagnosed using methods such as physical examinations, blood tests, imaging scans, and laboratory tests. A urologist,gynecologist will determine the best approach based on your symptoms.",
gonorrhea,What treatments are available for gonorrhea?,"Treatment for gonorrhea typically includes antibiotics, along with lifestyle modifications and medications. Consultation with a urologist,gynecologist is essential for proper treatment guidance.",
gonorrhea,Which doctor should I consult for gonorrhea?,"If you have gonorrhea, you should consult a urologist,gynecologist, who specializes in diagnosing and treating this condition.",
gonorrhea,What foods should I eat or avoid if I have gonorrhea?,"A recommended diet for gonorrhea includes nutrient-rich foods like leafy greens, lean proteins, and whole grains. Avoid processed foods, high sugar, and excessive salt.",
gonorrhea,How can I prevent gonorrhea?,"Preventing gonorrhea involves maintaining a healthy lifestyle, regular exercise, proper diet, and avoiding risk factors such as smoking or alcohol consumption.",
gonorrhea,When should I seek medical help for gonorrhea?,"Seek medical help if you experience persistent or worsening symptoms of gonorrhea, such as sexually transmitted infection that can cause burning during urination,discharge from the penis or vagina,pain in the lower abdomen. Early intervention can prevent complications.",
gonorrhea,Are there any home remedies for gonorrhea?,"Some home remedies for gonorrhea include staying hydrated, consuming anti-inflammatory foods, and getting enough rest. However, professional medical advice is recommended.",
gonorrhea,Can gonorrhea be cured completely?,"Some cases of gonorrhea can be cured completely with early detection and proper treatment, while others require lifelong management. A urologist,gynecologist can guide you based on your condition.",
gonorrhea,Is gonorrhea contagious?,"Whether gonorrhea is contagious depends on its cause. If it's due to a viral or bacterial infection, it may spread through close contact. Consult a urologist,gynecologist for more details.",
gonorrhea,How does gonorrhea affect daily life?,"gonorrhea can impact daily activities by causing discomfort, fatigue, or limiting mobility. With proper treatment and lifestyle adjustments, many people successfully manage it.",
heart disease,What is heart disease?,"heart disease is a medical condition characterized by chest pain,shortness of breath,fatigue,dizziness,fainting. It can result from various factors like infections, genetic predisposition, or lifestyle habits. Early diagnosis and treatment can help manage it effectively.",
heart disease,What causes heart disease?,"The causes of heart disease vary but often include factors like infections, environmental exposure, genetic mutations, and poor lifestyle habits. A cardiologist can help identify the specific cause in your case.",
heart disease,What are the symptoms of heart disease?,"Common symptoms of heart disease include chest pain,shortness of breath,fatigue,dizziness,fainting. If you experience these symptoms, it is advisable to consult a cardiologist for proper evaluation.",
heart disease,How is heart disease diagnosed?,"heart disease is diagnosed using methods such as physical examinations, blood tests, imaging scans, and laboratory tests. A cardiologist will determine the best approach based on your symptoms.",
heart disease,What treatments are available for heart disease?,"Treatment for heart disease typically includes treatment for heart disease may include medication,lifestyle changes,surgery, along with lifestyle modifications and medications. Consultation with a cardiologist is essential for proper treatment guidance.",
heart disease,Which doctor should I consult for heart disease?,"If you have heart disease, you should consult a cardiologist, who specializes in diagnosing and treating this condition.",
heart disease,What foods should I eat or avoid if I have heart disease?,"A recommended diet for heart disease includes nutrient-rich foods like leafy greens, lean proteins, and whole grains. Avoid processed foods, high sugar, and excessive salt.",
heart disease,How can I prevent heart disease?,"Preventing heart disease involves maintaining a healthy lifestyle, regular exercise, proper diet, and avoiding risk factors such as smoking or alcohol consumption.",
heart disease,When should I seek medical help for heart disease?,"Seek medical help if you experience persistent or worsening symptoms of heart disease, such as chest pain,shortness of breath,fatigue,dizziness,fainting. Early intervention can prevent complications.",
heart disease,Are there any home remedies for heart disease?,"Some home remedies for heart disease include staying hydrated, consuming anti-inflammatory foods, and getting enough rest. However, professional medical advice is recommended.",
heart disease,Can heart disease be cured completely?,"Some cases of heart disease can be cured completely with early detection and proper treatment, while others require lifelong management. A cardiologist can guide you based on your condition.",
heart disease,Is heart disease contagious?,"Whether heart disease is contagious depends on its cause. If it's due to a viral or bacterial infection, it may spread through close contact. Consult a cardiologist for more details.",
heart disease,How does heart disease affect daily life?,"heart disease can impact daily activities by causing discomfort, fatigue, or limiting mobility. With proper treatment and lifestyle adjustments, many people successfully manage it.",
hepatitis,What is hepatitis?,"hepatitis is a medical condition characterized by inflammation of the liver. It can result from various factors like infections, genetic predisposition, or lifestyle habits. Early diagnosis and treatment can help manage it effectively.",
hepatitis,What causes hepatitis?,"The causes of hepatitis vary but often include factors like infections, environmental exposure, genetic mutations, and poor lifestyle habits. A gastroenterologist can help identify the specific cause in your case.",
hepatitis,What are the symptoms of hepatitis?,"Common symptoms of hepatitis include inflammation of the liver. If you experience these symptoms, it is advisable to consult a gastroenterologist for proper evaluation.",
hepatitis,How is hepatitis diagnosed?,"hepatitis is diagnosed using methods such as physical examinations, blood tests, imaging scans, and laboratory tests. A gastroenterologist will determine the best approach based on your symptoms.",
hepatitis,What treatments are available for hepatitis?,"Treatment for hepatitis typically includes treatment for hepatitis may include medication,rest,lifestyle changes, along with lifestyle modifications and medications. Consultation with a gastroenterologist is essential for proper treatment guidance.",
hepatitis,Which doctor should I consult for hepatitis?,"If you have hepatitis, you should consult a gastroenterologist, who specializes in diagnosing and treating this condition.",
hepatitis,What foods should I eat or avoid if I have hepatitis?,"A recommended diet for hepatitis includes nutrient-rich foods like leafy greens, lean proteins, and whole grains. Avoid processed foods, high sugar, and excessive salt.",
hepatitis,How can I prevent hepatitis?,"Preventing hepatitis involves maintaining a healthy lifestyle, regular exercise, proper diet, and avoiding risk factors such as smoking or alcohol consumption.",
hepatitis,When should I seek medical help for hepatitis?,"Seek medical help if you experience persistent or worsening symptoms of hepatitis, such as inflammation of the liver. Early intervention can prevent complications.",
hepatitis,Are there any home remedies for hepatitis?,"Some home remedies for hepatitis include staying hydrated, consuming anti-inflammatory foods, and getting enough rest. However, professional medical advice is recommended.",
hepatitis,Can hepatitis be cured completely?,"Some cases of hepatitis can be cured completely with early detection and proper treatment, while others require lifelong management. A gastroenterologist can guide you based on your condition.",
hepatitis,Is hepatitis contagious?,"Whether hepatitis is contagious depends on its cause. If it's due to a viral or bacterial infection, it may spread through close contact. Consult a gastroenterologist for more details.",
hepatitis,How does hepatitis affect daily life?,"hepatitis can impact daily activities by causing discomfort, fatigue, or limiting mobility. With proper treatment and lifestyle adjustments, many people successfully manage it.",
herpes,What is herpes?,"herpes is a medical condition characterized by sexually transmitted infection that can cause blisters on the genitals,mouth,other parts of the body. It can result from various factors like infections, genetic predisposition, or lifestyle habits. Early diagnosis and treatment can help manage it effectively.",
herpes,What causes herpes?,"The causes of herpes vary but often include factors like infections, environmental exposure, genetic mutations, and poor lifestyle habits. A urologist,gynecologist can help identify the specific cause in your case.",
herpes,What are the symptoms of herpes?,"Common symptoms of herpes include sexually transmitted infection that can cause blisters on the genitals,mouth,other parts of the body. If you experience these symptoms, it is advisable to consult a urologist,gynecologist for proper evaluation.",
herpes,How is herpes diagnosed?,"herpes is diagnosed using methods such as physical examinations, blood tests, imaging scans, and laboratory tests. A urologist,gynecologist will determine the best approach based on your symptoms.",
herpes,What treatments are available for herpes?,"Treatment for herpes typically includes there is no cure for herpes,but there are treatments that can help manage the symptoms, along with lifestyle modifications and medications. Consultation with a urologist,gynecologist is essential for proper treatment guidance.",
herpes,Which doctor should I consult for herpes?,"If you have herpes, you should consult a urologist,gynecologist, who specializes in diagnosing and treating this condition.",
herpes,What foods should I eat or avoid if I have herpes?,"A recommended diet for herpes includes nutrient-rich foods like leafy greens, lean proteins, and whole grains. Avoid processed foods, high sugar, and excessive salt.",
herpes,How can I prevent herpes?,"Preventing herpes involves maintaining a healthy lifestyle, regular exercise, proper diet, and avoiding risk factors such as smoking or alcohol consumption.",
herpes,When should I seek medical help for herpes?,"Seek medical help if you experience persistent or worsening symptoms of herpes, such as sexually transmitted infection that can cause blisters on the genitals,mouth,other parts of the body. Early intervention can prevent complications.",
herpes,Are there any home remedies for herpes?,"Some home remedies for herpes include staying hydrated, consuming anti-inflammatory foods, and getting enough rest. However, professional medical advice is recommended.",
herpes,Can herpes be cured completely?,"Some cases of herpes can be cured completely with early detection and proper treatment, while others require lifelong management. A urologist,gynecologist can guide you based on your condition.",
herpes,Is herpes contagious?,"Whether herpes is contagious depends on its cause. If it's due to a viral or bacterial infection, it may spread through close contact. Consult a urologist,gynecologist for more details.",
herpes,How does herpes affect daily life?,"herpes can impact daily activities by causing discomfort, fatigue, or limiting mobility. With proper treatment and lifestyle adjustments, many people successfully manage it.",
influenza,What is influenza?,"influenza is a medical condition characterized by fever,cough,sore throat,runny or stuffy nose,muscle aches,headache,fatigue. It can result from various factors like infections, genetic predisposition, or lifestyle habits. Early diagnosis and treatment can help manage it effectively.",
influenza,What causes influenza?,"The causes of influenza vary but often include factors like infections, environmental exposure, genetic mutations, and poor lifestyle habits. A family doctor,urgent care can help identify the specific cause in your case.",
influenza,What are the symptoms of influenza?,"Common symptoms of influenza include fever,cough,sore throat,runny or stuffy nose,muscle aches,headache,fatigue. If you experience these symptoms, it is advisable to consult a family doctor,urgent care for proper evaluation.",
influenza,How is influenza diagnosed?,"influenza is diagnosed using methods such as physical examinations, blood tests, imaging scans, and laboratory tests. A family doctor,urgent care will determine the best approach based on your symptoms.",
influenza,What treatments are available for influenza?,"Treatment for influenza typically includes over-the-counter medications,rest,fluids, along with lifestyle modifications and medications. Consultation with a family doctor,urgent care is essential for proper treatment guidance.",
influenza,Which doctor should I consult for influenza?,"If you have influenza, you should consult a family doctor,urgent care, who specializes in diagnosing and treating this condition.",
influenza,What foods should I eat or avoid if I have influenza?,"A recommended diet for influenza includes nutrient-rich foods like leafy greens, lean proteins, and whole grains. Avoid processed foods, high sugar, and excessive salt.",
influenza,How can I prevent influenza?,"Preventing influenza involves maintaining a healthy lifestyle, regular exercise, proper diet, and avoiding risk factors such as smoking or alcohol consumption.",
influenza,When should I seek medical help for influenza?,"Seek medical help if you experience persistent or worsening symptoms of influenza, such as fever,cough,sore throat,runny or stuffy nose,muscle aches,headache,fatigue. Early intervention can prevent complications.",
influenza,Are there any home remedies for influenza?,"Some home remedies for influenza include staying hydrated, consuming anti-inflammatory foods, and getting enough rest. However, professional medical advice is recommended.",
influenza,Can influenza be cured completely?,"Some cases of influenza can be cured completely with early detection and proper treatment, while others require lifelong management. A family doctor,urgent care can guide you based on your condition.",
influenza,Is influenza contagious?,"Whether influenza is contagious depends on its cause. If it's due to a viral or bacterial infection, it may spread through close contact. Consult a family doctor,urgent care for more details.",
influenza,How does influenza affect daily life?,"influenza can impact daily activities by causing discomfort, fatigue, or limiting mobility. With proper treatment and lifestyle adjustments, many people successfully manage it.",
irritable bowel syndrome (ibs),What is irritable bowel syndrome (ibs)?,"irritable bowel syndrome (ibs) is a medical condition characterized by abdominal pain,bloating,constipation,diarrhea. It can result from various factors like infections, genetic predisposition, or lifestyle habits. Early diagnosis and treatment can help manage it effectively.",
irritable bowel syndrome (ibs),What causes irritable bowel syndrome (ibs)?,"The causes of irritable bowel syndrome (ibs) vary but often include factors like infections, environmental exposure, genetic mutations, and poor lifestyle habits. A  family doctor,gastroenterologist can help identify the specific cause in your case.",
irritable bowel syndrome (ibs),What are the symptoms of irritable bowel syndrome (ibs)?,"Common symptoms of irritable bowel syndrome (ibs) include abdominal pain,bloating,constipation,diarrhea. If you experience these symptoms, it is advisable to consult a  family doctor,gastroenterologist for proper evaluation.",
irritable bowel syndrome (ibs),How is irritable bowel syndrome (ibs) diagnosed?,"irritable bowel syndrome (ibs) is diagnosed using methods such as physical examinations, blood tests, imaging scans, and laboratory tests. A  family doctor,gastroenterologist will determine the best approach based on your symptoms.",
irritable bowel syndrome (ibs),What treatments are available for irritable bowel syndrome (ibs)?,"Treatment for irritable bowel syndrome (ibs) typically includes treatment for ibs may include diet,lifestyle changes,medication, along with lifestyle modifications and medications. Consultation with a  family doctor,gastroenterologist is essential for proper treatment guidance.",
irritable bowel syndrome (ibs),Which doctor should I consult for irritable bowel syndrome (ibs)?,"If you have irritable bowel syndrome (ibs), you should consult a  family doctor,gastroenterologist, who specializes in diagnosing and treating this condition.",
irritable bowel syndrome (ibs),What foods should I eat or avoid if I have irritable bowel syndrome (ibs)?,"A recommended diet for irritable bowel syndrome (ibs) includes nutrient-rich foods like leafy greens, lean proteins, and whole grains. Avoid processed foods, high sugar, and excessive salt.",
irritable bowel syndrome (ibs),How can I prevent irritable bowel syndrome (ibs)?,"Preventing irritable bowel syndrome (ibs) involves maintaining a healthy lifestyle, regular exercise, proper diet, and avoiding risk factors such as smoking or alcohol consumption.",
irritable bowel syndrome (ibs),When should I seek medical help for irritable bowel syndrome (ibs)?,"Seek medical help if you experience persistent or worsening symptoms of irritable bowel syndrome (ibs), such as abdominal pain,bloating,constipation,diarrhea. Early intervention can prevent complications.",
irritable bowel syndrome (ibs),Are there any home remedies for irritable bowel syndrome (ibs)?,"Some home remedies for irritable bowel syndrome (ibs) include staying hydrated, consuming anti-inflammatory foods, and getting enough rest. However, professional medical advice is recommended.",
irritable bowel syndrome (ibs),Can irritable bowel syndrome (ibs) be cured completely?,"Some cases of irritable bowel syndrome (ibs) can be cured completely with early detection and proper treatment, while others require lifelong management. A  family doctor,gastroenterologist can guide you based on your condition.",
irritable bowel syndrome (ibs),Is irritable bowel syndrome (ibs) contagious?,"Whether irritable bowel syndrome (ibs) is contagious depends on its cause. If it's due to a viral or bacterial infection, it may spread through close contact. Consult a  family doctor,gastroenterologist for more details.",
irritable bowel syndrome (ibs),How does irritable bowel syndrome (ibs) affect daily life?,"irritable bowel syndrome (ibs) can impact daily activities by causing discomfort, fatigue, or limiting mobility. With proper treatment and lifestyle adjustments, many people successfully manage it.",
kidney stones ,What is kidney stones ?,"kidney stones  is a medical condition characterized by pain in the lower back or side,nausea,vomiting,blood in the urine. It can result from various factors like infections, genetic predisposition, or lifestyle habits. Early diagnosis and treatment can help manage it effectively.",
kidney stones ,What causes kidney stones ?,"The causes of kidney stones  vary but often include factors like infections, environmental exposure, genetic mutations, and poor lifestyle habits. A urologist can help identify the specific cause in your case.",
kidney stones ,What are the symptoms of kidney stones ?,"Common symptoms of kidney stones  include pain in the lower back or side,nausea,vomiting,blood in the urine. If you experience these symptoms, it is advisable to consult a urologist for proper evaluation.",
kidney stones ,How is kidney stones  diagnosed?,"kidney stones  is diagnosed using methods such as physical examinations, blood tests, imaging scans, and laboratory tests. A urologist will determine the best approach based on your symptoms.",
kidney stones ,What treatments are available for kidney stones ?,"Treatment for kidney stones  typically includes surgery, along with lifestyle modifications and medications. Consultation with a urologist is essential for proper treatment guidance.",
kidney stones ,Which doctor should I consult for kidney stones ?,"If you have kidney stones , you should consult a urologist, who specializes in diagnosing and treating this condition.",
kidney stones ,What foods should I eat or avoid if I have kidney stones ?,"A recommended diet for kidney stones  includes nutrient-rich foods like leafy greens, lean proteins, and whole grains. Avoid processed foods, high sugar, and excessive salt.",
kidney stones ,How can I prevent kidney stones ?,"Preventing kidney stones  involves maintaining a healthy lifestyle, regular exercise, proper diet, and avoiding risk factors such as smoking or alcohol consumption.",
kidney stones ,When should I seek medical help for kidney stones ?,"Seek medical help if you experience persistent or worsening symptoms of kidney stones , such as pain in the lower back or side,nausea,vomiting,blood in the urine. Early intervention can prevent complications.",
kidney stones ,Are there any home remedies for kidney stones ?,"Some home remedies for kidney stones  include staying hydrated, consuming anti-inflammatory foods, and getting enough rest. However, professional medical advice is recommended.",
kidney stones ,Can kidney stones  be cured completely?,"Some cases of kidney stones  can be cured completely with early detection and proper treatment, while others require lifelong management. A urologist can guide you based on your condition.",
kidney stones ,Is kidney stones  contagious?,"Whether kidney stones  is contagious depends on its cause. If it's due to a viral or bacterial infection, it may spread through close contact. Consult a urologist for more details.",
kidney stones ,How does kidney stones  affect daily life?,"kidney stones  can impact daily activities by causing discomfort, fatigue, or limiting mobility. With proper treatment and lifestyle adjustments, many people successfully manage it.",
lung cancer,What is lung cancer?,"lung cancer is a medical condition characterized by cough that does not go away,shortness of breath,chest pain,unexplained weight loss,fatigue,blood in the sputum. It can result from various factors like infections, genetic predisposition, or lifestyle habits. Early diagnosis and treatment can help manage it effectively.",
lung cancer,What causes lung cancer?,"The causes of lung cancer vary but often include factors like infections, environmental exposure, genetic mutations, and poor lifestyle habits. A oncologist can help identify the specific cause in your case.",
lung cancer,What are the symptoms of lung cancer?,"Common symptoms of lung cancer include cough that does not go away,shortness of breath,chest pain,unexplained weight loss,fatigue,blood in the sputum. If you experience these symptoms, it is advisable to consult a oncologist for proper evaluation.",
lung cancer,How is lung cancer diagnosed?,"lung cancer is diagnosed using methods such as physical examinations, blood tests, imaging scans, and laboratory tests. A oncologist will determine the best approach based on your symptoms.",
lung cancer,What treatments are available for lung cancer?,"Treatment for lung cancer typically includes surgery,chemotherapy,radiation therapy, along with lifestyle modifications and medications. Consultation with a oncologist is essential for proper treatment guidance.",
lung cancer,Which doctor should I consult for lung cancer?,"If you have lung cancer, you should consult a oncologist, who specializes in diagnosing and treating this condition.",
lung cancer,What foods should I eat or avoid if I have lung cancer?,"A recommended diet for lung cancer includes nutrient-rich foods like leafy greens, lean proteins, and whole grains. Avoid processed foods, high sugar, and excessive salt.",
lung cancer,How can I prevent lung cancer?,"Preventing lung cancer involves maintaining a healthy lifestyle, regular exercise, proper diet, and avoiding risk factors such as smoking or alcohol consumption.",
lung cancer,When should I seek medical help for lung cancer?,"Seek medical help if you experience persistent or worsening symptoms of lung cancer, such as cough that does not go away,shortness of breath,chest pain,unexplained weight loss,fatigue,blood in the sputum. Early intervention can prevent complications.",
lung cancer,Are there any home remedies for lung cancer?,"Some home remedies for lung cancer include staying hydrated, consuming anti-inflammatory foods, and getting enough rest. However, professional medical advice is recommended.",
lung cancer,Can lung cancer be cured completely?,"Some cases of lung cancer can be cured completely with early detection and proper treatment, while others require lifelong management. A oncologist can guide you based on your condition.",
lung cancer,Is lung cancer contagious?,"Whether lung cancer is contagious depends on its cause. If it's due to a viral or bacterial infection, it may spread through close contact. Consult a oncologist for more details.",
lung cancer,How does lung cancer affect daily life?,"lung cancer can impact daily activities by causing discomfort, fatigue, or limiting mobility. With proper treatment and lifestyle adjustments, many people successfully manage it.",
malaria,What is malaria?,"malaria is a medical condition characterized by fever,chills,sweating,headache,muscle aches,fatigue,vomiting,diarrhea. It can result from various factors like infections, genetic predisposition, or lifestyle habits. Early diagnosis and treatment can help manage it effectively.",
malaria,What causes malaria?,"The causes of malaria vary but often include factors like infections, environmental exposure, genetic mutations, and poor lifestyle habits. A family doctor,urgent care can help identify the specific cause in your case.",
malaria,What are the symptoms of malaria?,"Common symptoms of malaria include fever,chills,sweating,headache,muscle aches,fatigue,vomiting,diarrhea. If you experience these symptoms, it is advisable to consult a family doctor,urgent care for proper evaluation.",
malaria,How is malaria diagnosed?,"malaria is diagnosed using methods such as physical examinations, blood tests, imaging scans, and laboratory tests. A family doctor,urgent care will determine the best approach based on your symptoms.",
malaria,What treatments are available for malaria?,"Treatment for malaria typically includes antimalarial drugs, along with lifestyle modifications and medications. Consultation with a family doctor,urgent care is essential for proper treatment guidance.",
malaria,Which doctor should I consult for malaria?,"If you have malaria, you should consult a family doctor,urgent care, who specializes in diagnosing and treating this condition.",
malaria,What foods should I eat or avoid if I have malaria?,"A recommended diet for malaria includes nutrient-rich foods like leafy greens, lean proteins, and whole grains. Avoid processed foods, high sugar, and excessive salt.",
malaria,How can I prevent malaria?,"Preventing malaria involves maintaining a healthy lifestyle, regular exercise, proper diet, and avoiding risk factors such as smoking or alcohol consumption.",
malaria,When should I seek medical help for malaria?,"Seek medical help if you experience persistent or worsening symptoms of malaria, such as fever,chills,sweating,headache,muscle aches,fatigue,vomiting,diarrhea. Early intervention can prevent complications.",
malaria,Are there any home remedies for malaria?,"Some home remedies for malaria include staying hydrated, consuming anti-inflammatory foods, and getting enough rest. However, professional medical advice is recommended.",
malaria,Can malaria be cured completely?,"Some cases of malaria can be cured completely with early detection and proper treatment, while others require lifelong management. A family doctor,urgent care can guide you based on your condition.",
malaria,Is malaria contagious?,"Whether malaria is contagious depends on its cause. If it's due to a viral or bacterial infection, it may spread through close contact. Consult a family doctor,urgent care for more details.",
malaria,How does malaria affect daily life?,"malaria can impact daily activities by causing discomfort, fatigue, or limiting mobility. With proper treatment and lifestyle adjustments, many people successfully manage it.",
measles,What is measles?,"measles is a medical condition characterized by fever,cough,runny nose,red eyes,sore throat,rash. It can result from various factors like infections, genetic predisposition, or lifestyle habits. Early diagnosis and treatment can help manage it effectively.",
measles,What causes measles?,"The causes of measles vary but often include factors like infections, environmental exposure, genetic mutations, and poor lifestyle habits. A family doctor,urgent care can help identify the specific cause in your case.",
measles,What are the symptoms of measles?,"Common symptoms of measles include fever,cough,runny nose,red eyes,sore throat,rash. If you experience these symptoms, it is advisable to consult a family doctor,urgent care for proper evaluation.",
measles,How is measles diagnosed?,"measles is diagnosed using methods such as physical examinations, blood tests, imaging scans, and laboratory tests. A family doctor,urgent care will determine the best approach based on your symptoms.",
measles,What treatments are available for measles?,"Treatment for measles typically includes measles vaccine, along with lifestyle modifications and medications. Consultation with a family doctor,urgent care is essential for proper treatment guidance.",
measles,Which doctor should I consult for measles?,"If you have measles, you should consult a family doctor,urgent care, who specializes in diagnosing and treating this condition.",
measles,What foods should I eat or avoid if I have measles?,"A recommended diet for measles includes nutrient-rich foods like leafy greens, lean proteins, and whole grains. Avoid processed foods, high sugar, and excessive salt.",
measles,How can I prevent measles?,"Preventing measles involves maintaining a healthy lifestyle, regular exercise, proper diet, and avoiding risk factors such as smoking or alcohol consumption.",
measles,When should I seek medical help for measles?,"Seek medical help if you experience persistent or worsening symptoms of measles, such as fever,cough,runny nose,red eyes,sore throat,rash. Early intervention can prevent complications.",
measles,Are there any home remedies for measles?,"Some home remedies for measles include staying hydrated, consuming anti-inflammatory foods, and getting enough rest. However, professional medical advice is recommended.",
measles,Can measles be cured completely?,"Some cases of measles can be cured completely with early detection and proper treatment, while others require lifelong management. A family doctor,urgent care can guide you based on your condition.",
measles,Is measles contagious?,"Whether measles is contagious depends on its cause. If it's due to a viral or bacterial infection, it may spread through close contact. Consult a family doctor,urgent care for more details.",
measles,How does measles affect daily life?,"measles can impact daily activities by causing discomfort, fatigue, or limiting mobility. With proper treatment and lifestyle adjustments, many people successfully manage it.",
meningitis,What is meningitis?,"meningitis is a medical condition characterized by fever,headache,stiff neck,nausea,vomiting,sensitivity to light. It can result from various factors like infections, genetic predisposition, or lifestyle habits. Early diagnosis and treatment can help manage it effectively.",
meningitis,What causes meningitis?,"The causes of meningitis vary but often include factors like infections, environmental exposure, genetic mutations, and poor lifestyle habits. A neurologist,neurosurgeon can help identify the specific cause in your case.",
meningitis,What are the symptoms of meningitis?,"Common symptoms of meningitis include fever,headache,stiff neck,nausea,vomiting,sensitivity to light. If you experience these symptoms, it is advisable to consult a neurologist,neurosurgeon for proper evaluation.",
meningitis,How is meningitis diagnosed?,"meningitis is diagnosed using methods such as physical examinations, blood tests, imaging scans, and laboratory tests. A neurologist,neurosurgeon will determine the best approach based on your symptoms.",
meningitis,What treatments are available for meningitis?,"Treatment for meningitis typically includes antibiotics, along with lifestyle modifications and medications. Consultation with a neurologist,neurosurgeon is essential for proper treatment guidance.",
meningitis,Which doctor should I consult for meningitis?,"If you have meningitis, you should consult a neurologist,neurosurgeon, who specializes in diagnosing and treating this condition.",
meningitis,What foods should I eat or avoid if I have meningitis?,"A recommended diet for meningitis includes nutrient-rich foods like leafy greens, lean proteins, and whole grains. Avoid processed foods, high sugar, and excessive salt.",
meningitis,How can I prevent meningitis?,"Preventing meningitis involves maintaining a healthy lifestyle, regular exercise, proper diet, and avoiding risk factors such as smoking or alcohol consumption.",
meningitis,When should I seek medical help for meningitis?,"Seek medical help if you experience persistent or worsening symptoms of meningitis, such as fever,headache,stiff neck,nausea,vomiting,sensitivity to light. Early intervention can prevent complications.",
meningitis,Are there any home remedies for meningitis?,"Some home remedies for meningitis include staying hydrated, consuming anti-inflammatory foods, and getting enough rest. However, professional medical advice is recommended.",
meningitis,Can meningitis be cured completely?,"Some cases of meningitis can be cured completely with early detection and proper treatment, while others require lifelong management. A neurologist,neurosurgeon can guide you based on your condition.",
meningitis,Is meningitis contagious?,"Whether meningitis is contagious depends on its cause. If it's due to a viral or bacterial infection, it may spread through close contact. Consult a neurologist,neurosurgeon for more details.",
meningitis,How does meningitis affect daily life?,"meningitis can impact daily activities by causing discomfort, fatigue, or limiting mobility. With proper treatment and lifestyle adjustments, many people successfully manage it.",
mononucleosis,What is mononucleosis?,"mononucleosis is a medical condition characterized by fever,sore throat,fatigue,swollen lymph nodes,rash. It can result from various factors like infections, genetic predisposition, or lifestyle habits. Early diagnosis and treatment can help manage it effectively.",
mononucleosis,What causes mononucleosis?,"The causes of mononucleosis vary but often include factors like infections, environmental exposure, genetic mutations, and poor lifestyle habits. A family doctor,urgent care can help identify the specific cause in your case.",
mononucleosis,What are the symptoms of mononucleosis?,"Common symptoms of mononucleosis include fever,sore throat,fatigue,swollen lymph nodes,rash. If you experience these symptoms, it is advisable to consult a family doctor,urgent care for proper evaluation.",
mononucleosis,How is mononucleosis diagnosed?,"mononucleosis is diagnosed using methods such as physical examinations, blood tests, imaging scans, and laboratory tests. A family doctor,urgent care will determine the best approach based on your symptoms.",
mononucleosis,What treatments are available for mononucleosis?,"Treatment for mononucleosis typically includes there is no cure for mononucleosis,but symptoms can be treated with rest,fluids,over-the-counter medications, along with lifestyle modifications and medications. Consultation with a family doctor,urgent care is essential for proper treatment guidance.",
mononucleosis,Which doctor should I consult for mononucleosis?,"If you have mononucleosis, you should consult a family doctor,urgent care, who specializes in diagnosing and treating this condition.",
mononucleosis,What foods should I eat or avoid if I have mononucleosis?,"A recommended diet for mononucleosis includes nutrient-rich foods like leafy greens, lean proteins, and whole grains. Avoid processed foods, high sugar, and excessive salt.",
mononucleosis,How can I prevent mononucleosis?,"Preventing mononucleosis involves maintaining a healthy lifestyle, regular exercise, proper diet, and avoiding risk factors such as smoking or alcohol consumption.",
mononucleosis,When should I seek medical help for mononucleosis?,"Seek medical help if you experience persistent or worsening symptoms of mononucleosis, such as fever,sore throat,fatigue,swollen lymph nodes,rash. Early intervention can prevent complications.",
mononucleosis,Are there any home remedies for mononucleosis?,"Some home remedies for mononucleosis include staying hydrated, consuming anti-inflammatory foods, and getting enough rest. However, professional medical advice is recommended.",
mononucleosis,Can mononucleosis be cured completely?,"Some cases of mononucleosis can be cured completely with early detection and proper treatment, while others require lifelong management. A family doctor,urgent care can guide you based on your condition.",
mononucleosis,Is mononucleosis contagious?,"Whether mononucleosis is contagious depends on its cause. If it's due to a viral or bacterial infection, it may spread through close contact. Consult a family doctor,urgent care for more details.",
mononucleosis,How does mononucleosis affect daily life?,"mononucleosis can impact daily activities by causing discomfort, fatigue, or limiting mobility. With proper treatment and lifestyle adjustments, many people successfully manage it.",
pneumonia,What is pneumonia?,"pneumonia is a medical condition characterized by fever,cough,shortness of breath,chest pain,fatigue. It can result from various factors like infections, genetic predisposition, or lifestyle habits. Early diagnosis and treatment can help manage it effectively.",
pneumonia,What causes pneumonia?,"The causes of pneumonia vary but often include factors like infections, environmental exposure, genetic mutations, and poor lifestyle habits. A family doctor,pulmonologist can help identify the specific cause in your case.",
pneumonia,What are the symptoms of pneumonia?,"Common symptoms of pneumonia include fever,cough,shortness of breath,chest pain,fatigue. If you experience these symptoms, it is advisable to consult a family doctor,pulmonologist for proper evaluation.",
pneumonia,How is pneumonia diagnosed?,"pneumonia is diagnosed using methods such as physical examinations, blood tests, imaging scans, and laboratory tests. A family doctor,pulmonologist will determine the best approach based on your symptoms.",
pneumonia,What treatments are available for pneumonia?,"Treatment for pneumonia typically includes antibiotics, along with lifestyle modifications and medications. Consultation with a family doctor,pulmonologist is essential for proper treatment guidance.",
pneumonia,Which doctor should I consult for pneumonia?,"If you have pneumonia, you should consult a family doctor,pulmonologist, who specializes in diagnosing and treating this condition.",
pneumonia,What foods should I eat or avoid if I have pneumonia?,"A recommended diet for pneumonia includes nutrient-rich foods like leafy greens, lean proteins, and whole grains. Avoid processed foods, high sugar, and excessive salt.",
pneumonia,How can I prevent pneumonia?,"Preventing pneumonia involves maintaining a healthy lifestyle, regular exercise, proper diet, and avoiding risk factors such as smoking or alcohol consumption.",
pneumonia,When should I seek medical help for pneumonia?,"Seek medical help if you experience persistent or worsening symptoms of pneumonia, such as fever,cough,shortness of breath,chest pain,fatigue. Early intervention can prevent complications.",
pneumonia,Are there any home remedies for pneumonia?,"Some home remedies for pneumonia include staying hydrated, consuming anti-inflammatory foods, and getting enough rest. However, professional medical advice is recommended.",
pneumonia,Can pneumonia be cured completely?,"Some cases of pneumonia can be cured completely with early detection and proper treatment, while others require lifelong management. A family doctor,pulmonologist can guide you based on your condition.",
pneumonia,Is pneumonia contagious?,"Whether pneumonia is contagious depends on its cause. If it's due to a viral or bacterial infection, it may spread through close contact. Consult a family doctor,pulmonologist for more details.",
pneumonia,How does pneumonia affect daily life?,"pneumonia can impact daily activities by causing discomfort, fatigue, or limiting mobility. With proper treatment and lifestyle adjustments, many people successfully manage it.",
rabies,What is rabies?,"rabies is a medical condition characterized by fever,headache,muscle aches,tingling at the bite site,difficulty swallowing,hydrophobia,aerophobia. It can result from various factors like infections, genetic predisposition, or lifestyle habits. Early diagnosis and treatment can help manage it effectively.",
rabies,What causes rabies?,"The causes of rabies vary but often include factors like infections, environmental exposure, genetic mutations, and poor lifestyle habits. A doctor,urgent care can help identify the specific cause in your case.",
rabies,What are the symptoms of rabies?,"Common symptoms of rabies include fever,headache,muscle aches,tingling at the bite site,difficulty swallowing,hydrophobia,aerophobia. If you experience these symptoms, it is advisable to consult a doctor,urgent care for proper evaluation.",
rabies,How is rabies diagnosed?,"rabies is diagnosed using methods such as physical examinations, blood tests, imaging scans, and laboratory tests. A doctor,urgent care will determine the best approach based on your symptoms.",
rabies,What treatments are available for rabies?,"Treatment for rabies typically includes rabies vaccine, along with lifestyle modifications and medications. Consultation with a doctor,urgent care is essential for proper treatment guidance.",
rabies,Which doctor should I consult for rabies?,"If you have rabies, you should consult a doctor,urgent care, who specializes in diagnosing and treating this condition.",
rabies,What foods should I eat or avoid if I have rabies?,"A recommended diet for rabies includes nutrient-rich foods like leafy greens, lean proteins, and whole grains. Avoid processed foods, high sugar, and excessive salt.",
rabies,How can I prevent rabies?,"Preventing rabies involves maintaining a healthy lifestyle, regular exercise, proper diet, and avoiding risk factors such as smoking or alcohol consumption.",
rabies,When should I seek medical help for rabies?,"Seek medical help if you experience persistent or worsening symptoms of rabies, such as fever,headache,muscle aches,tingling at the bite site,difficulty swallowing,hydrophobia,aerophobia. Early intervention can prevent complications.",
rabies,Are there any home remedies for rabies?,"Some home remedies for rabies include staying hydrated, consuming anti-inflammatory foods, and getting enough rest. However, professional medical advice is recommended.",
rabies,Can rabies be cured completely?,"Some cases of rabies can be cured completely with early detection and proper treatment, while others require lifelong management. A doctor,urgent care can guide you based on your condition.",
rabies,Is rabies contagious?,"Whether rabies is contagious depends on its cause. If it's due to a viral or bacterial infection, it may spread through close contact. Consult a doctor,urgent care for more details.",
rabies,How does rabies affect daily life?,"rabies can impact daily activities by causing discomfort, fatigue, or limiting mobility. With proper treatment and lifestyle adjustments, many people successfully manage it.",
salmonella,What is salmonella?,"salmonella is a medical condition characterized by fever,diarrhea,abdominal cramps,nausea,vomiting. It can result from various factors like infections, genetic predisposition, or lifestyle habits. Early diagnosis and treatment can help manage it effectively.",
salmonella,What causes salmonella?,"The causes of salmonella vary but often include factors like infections, environmental exposure, genetic mutations, and poor lifestyle habits. A family doctor,urgent care  can help identify the specific cause in your case.",
salmonella,What are the symptoms of salmonella?,"Common symptoms of salmonella include fever,diarrhea,abdominal cramps,nausea,vomiting. If you experience these symptoms, it is advisable to consult a family doctor,urgent care  for proper evaluation.",
salmonella,How is salmonella diagnosed?,"salmonella is diagnosed using methods such as physical examinations, blood tests, imaging scans, and laboratory tests. A family doctor,urgent care  will determine the best approach based on your symptoms.",
salmonella,What treatments are available for salmonella?,"Treatment for salmonella typically includes antibiotics, along with lifestyle modifications and medications. Consultation with a family doctor,urgent care  is essential for proper treatment guidance.",
salmonella,Which doctor should I consult for salmonella?,"If you have salmonella, you should consult a family doctor,urgent care , who specializes in diagnosing and treating this condition.",
salmonella,What foods should I eat or avoid if I have salmonella?,"A recommended diet for salmonella includes nutrient-rich foods like leafy greens, lean proteins, and whole grains. Avoid processed foods, high sugar, and excessive salt.",
salmonella,How can I prevent salmonella?,"Preventing salmonella involves maintaining a healthy lifestyle, regular exercise, proper diet, and avoiding risk factors such as smoking or alcohol consumption.",
salmonella,When should I seek medical help for salmonella?,"Seek medical help if you experience persistent or worsening symptoms of salmonella, such as fever,diarrhea,abdominal cramps,nausea,vomiting. Early intervention can prevent complications.",
salmonella,Are there any home remedies for salmonella?,"Some home remedies for salmonella include staying hydrated, consuming anti-inflammatory foods, and getting enough rest. However, professional medical advice is recommended.",
salmonella,Can salmonella be cured completely?,"Some cases of salmonella can be cured completely with early detection and proper treatment, while others require lifelong management. A family doctor,urgent care  can guide you based on your condition.",
salmonella,Is salmonella contagious?,"Whether salmonella is contagious depends on its cause. If it's due to a viral or bacterial infection, it may spread through close contact. Consult a family doctor,urgent care  for more details.",
salmonella,How does salmonella affect daily life?,"salmonella can impact daily activities by causing discomfort, fatigue, or limiting mobility. With proper treatment and lifestyle adjustments, many people successfully manage it.",
shingles,What is shingles?,"shingles is a medical condition characterized by painful rash that follows nerve path. It can result from various factors like infections, genetic predisposition, or lifestyle habits. Early diagnosis and treatment can help manage it effectively.",
shingles,What causes shingles?,"The causes of shingles vary but often include factors like infections, environmental exposure, genetic mutations, and poor lifestyle habits. A family doctor,dermatologist  can help identify the specific cause in your case.",
shingles,What are the symptoms of shingles?,"Common symptoms of shingles include painful rash that follows nerve path. If you experience these symptoms, it is advisable to consult a family doctor,dermatologist  for proper evaluation.",
shingles,How is shingles diagnosed?,"shingles is diagnosed using methods such as physical examinations, blood tests, imaging scans, and laboratory tests. A family doctor,dermatologist  will determine the best approach based on your symptoms.",
shingles,What treatments are available for shingles?,"Treatment for shingles typically includes antiviral medication, along with lifestyle modifications and medications. Consultation with a family doctor,dermatologist  is essential for proper treatment guidance.",
shingles,Which doctor should I consult for shingles?,"If you have shingles, you should consult a family doctor,dermatologist , who specializes in diagnosing and treating this condition.",
shingles,What foods should I eat or avoid if I have shingles?,"A recommended diet for shingles includes nutrient-rich foods like leafy greens, lean proteins, and whole grains. Avoid processed foods, high sugar, and excessive salt.",
shingles,How can I prevent shingles?,"Preventing shingles involves maintaining a healthy lifestyle, regular exercise, proper diet, and avoiding risk factors such as smoking or alcohol consumption.",
shingles,When should I seek medical help for shingles?,"Seek medical help if you experience persistent or worsening symptoms of shingles, such as painful rash that follows nerve path. Early intervention can prevent complications.",
shingles,Are there any home remedies for shingles?,"Some home remedies for shingles include staying hydrated, consuming anti-inflammatory foods, and getting enough rest. However, professional medical advice is recommended.",
shingles,Can shingles be cured completely?,"Some cases of shingles can be cured completely with early detection and proper treatment, while others require lifelong management. A family doctor,dermatologist  can guide you based on your condition.",
shingles,Is shingles contagious?,"Whether shingles is contagious depends on its cause. If it's due to a viral or bacterial infection, it may spread through close contact. Consult a family doctor,dermatologist  for more details.",
shingles,How does shingles affect daily life?,"shingles can impact daily activities by causing discomfort, fatigue, or limiting mobility. With proper treatment and lifestyle adjustments, many people successfully manage it.",
tuberculosis (tb),What is tuberculosis (tb)?,"tuberculosis (tb) is a medical condition characterized by cough that does not go away,fever,night sweats,weight loss,fatigue,chest pain. It can result from various factors like infections, genetic predisposition, or lifestyle habits. Early diagnosis and treatment can help manage it effectively.",
tuberculosis (tb),What causes tuberculosis (tb)?,"The causes of tuberculosis (tb) vary but often include factors like infections, environmental exposure, genetic mutations, and poor lifestyle habits. A family doctor,pulmonologist can help identify the specific cause in your case.",
tuberculosis (tb),What are the symptoms of tuberculosis (tb)?,"Common symptoms of tuberculosis (tb) include cough that does not go away,fever,night sweats,weight loss,fatigue,chest pain. If you experience these symptoms, it is advisable to consult a family doctor,pulmonologist for proper evaluation.",
tuberculosis (tb),How is tuberculosis (tb) diagnosed?,"tuberculosis (tb) is diagnosed using methods such as physical examinations, blood tests, imaging scans, and laboratory tests. A family doctor,pulmonologist will determine the best approach based on your symptoms.",
tuberculosis (tb),What treatments are available for tuberculosis (tb)?,"Treatment for tuberculosis (tb) typically includes antibiotics, along with lifestyle modifications and medications. Consultation with a family doctor,pulmonologist is essential for proper treatment guidance.",
tuberculosis (tb),Which doctor should I consult for tuberculosis (tb)?,"If you have tuberculosis (tb), you should consult a family doctor,pulmonologist, who specializes in diagnosing and treating this condition.",
tuberculosis (tb),What foods should I eat or avoid if I have tuberculosis (tb)?,"A recommended diet for tuberculosis (tb) includes nutrient-rich foods like leafy greens, lean proteins, and whole grains. Avoid processed foods, high sugar, and excessive salt.",
tuberculosis (tb),How can I prevent tuberculosis (tb)?,"Preventing tuberculosis (tb) involves maintaining a healthy lifestyle, regular exercise, proper diet, and avoiding risk factors such as smoking or alcohol consumption.",
tuberculosis (tb),When should I seek medical help for tuberculosis (tb)?,"Seek medical help if you experience persistent or worsening symptoms of tuberculosis (tb), such as cough that does not go away,fever,night sweats,weight loss,fatigue,chest pain. Early intervention can prevent complications.",
tuberculosis (tb),Are there any home remedies for tuberculosis (tb)?,"Some home remedies for tuberculosis (tb) include staying hydrated, consuming anti-inflammatory foods, and getting enough rest. However, professional medical advice is recommended.",
tuberculosis (tb),Can tuberculosis (tb) be cured completely?,"Some cases of tuberculosis (tb) can be cured completely with early detection and proper treatment, while others require lifelong management. A family doctor,pulmonologist can guide you based on your condition.",
tuberculosis (tb),Is tuberculosis (tb) contagious?,"Whether tuberculosis (tb) is contagious depends on its cause. If it's due to a viral or bacterial infection, it may spread through close contact. Consult a family doctor,pulmonologist for more details.",
tuberculosis (tb),How does tuberculosis (tb) affect daily life?,"tuberculosis (tb) can impact daily activities by causing discomfort, fatigue, or limiting mobility. With proper treatment and lifestyle adjustments, many people successfully manage it.",
urinary tract infection (uti),What is urinary tract infection (uti)?,"urinary tract infection (uti) is a medical condition characterized by painful urination,burning,frequent urination,urgency to urinate,blood in the urine. It can result from various factors like infections, genetic predisposition, or lifestyle habits. Early diagnosis and treatment can help manage it effectively.",
urinary tract infection (uti),What causes urinary tract infection (uti)?,"The causes of urinary tract infection (uti) vary but often include factors like infections, environmental exposure, genetic mutations, and poor lifestyle habits. A urologist can help identify the specific cause in your case.",
urinary tract infection (uti),What are the symptoms of urinary tract infection (uti)?,"Common symptoms of urinary tract infection (uti) include painful urination,burning,frequent urination,urgency to urinate,blood in the urine. If you experience these symptoms, it is advisable to consult a urologist for proper evaluation.",
urinary tract infection (uti),How is urinary tract infection (uti) diagnosed?,"urinary tract infection (uti) is diagnosed using methods such as physical examinations, blood tests, imaging scans, and laboratory tests. A urologist will determine the best approach based on your symptoms.",
urinary tract infection (uti),What treatments are available for urinary tract infection (uti)?,"Treatment for urinary tract infection (uti) typically includes antibiotics, along with lifestyle modifications and medications. Consultation with a urologist is essential for proper treatment guidance.",
urinary tract infection (uti),Which doctor should I consult for urinary tract infection (uti)?,"If you have urinary tract infection (uti), you should consult a urologist, who specializes in diagnosing and treating this condition.",
urinary tract infection (uti),What foods should I eat or avoid if I have urinary tract infection (uti)?,"A recommended diet for urinary tract infection (uti) includes nutrient-rich foods like leafy greens, lean proteins, and whole grains. Avoid processed foods, high sugar, and excessive salt.",
urinary tract infection (uti),How can I prevent urinary tract infection (uti)?,"Preventing urinary tract infection (uti) involves maintaining a healthy lifestyle, regular exercise, proper diet, and avoiding risk factors such as smoking or alcohol consumption.",
urinary tract infection (uti),When should I seek medical help for urinary tract infection (uti)?,"Seek medical help if you experience persistent or worsening symptoms of urinary tract infection (uti), such as painful urination,burning,frequent urination,urgency to urinate,blood in the urine. Early intervention can prevent complications.",
urinary tract infection (uti),Are there any home remedies for urinary tract infection (uti)?,"Some home remedies for urinary tract infection (uti) include staying hydrated, consuming anti-inflammatory foods, and getting enough rest. However, professional medical advice is recommended.",
urinary tract infection (uti),Can urinary tract infection (uti) be cured completely?,"Some cases of urinary tract infection (uti) can be cured completely with early detection and proper treatment, while others require lifelong management. A urologist can guide you based on your condition.",
urinary tract infection (uti),Is urinary tract infection (uti) contagious?,"Whether urinary tract infection (uti) is contagious depends on its cause. If it's due to a viral or bacterial infection, it may spread through close contact. Consult a urologist for more details.",
urinary tract infection (uti),How does urinary tract infection (uti) affect daily life?,"urinary tract infection (uti) can impact daily activities by causing discomfort, fatigue, or limiting mobility. With proper treatment and lifestyle adjustments, many people successfully manage it.",
varicose veins,What is varicose veins?,"varicose veins is a medical condition characterized by swollen,twisted veins,usually in the legs. It can result from various factors like infections, genetic predisposition, or lifestyle habits. Early diagnosis and treatment can help manage it effectively.",
varicose veins,What causes varicose veins?,"The causes of varicose veins vary but often include factors like infections, environmental exposure, genetic mutations, and poor lifestyle habits. A vascular surgeon can help identify the specific cause in your case.",
varicose veins,What are the symptoms of varicose veins?,"Common symptoms of varicose veins include swollen,twisted veins,usually in the legs. If you experience these symptoms, it is advisable to consult a vascular surgeon for proper evaluation.",
varicose veins,How is varicose veins diagnosed?,"varicose veins is diagnosed using methods such as physical examinations, blood tests, imaging scans, and laboratory tests. A vascular surgeon will determine the best approach based on your symptoms.",
varicose veins,What treatments are available for varicose veins?,"Treatment for varicose veins typically includes surgery,compression stockings,lifestyle changes, along with lifestyle modifications and medications. Consultation with a vascular surgeon is essential for proper treatment guidance.",
varicose veins,Which doctor should I consult for varicose veins?,"If you have varicose veins, you should consult a vascular surgeon, who specializes in diagnosing and treating this condition.",
varicose veins,What foods should I eat or avoid if I have varicose veins?,"A recommended diet for varicose veins includes nutrient-rich foods like leafy greens, lean proteins, and whole grains. Avoid processed foods, high sugar, and excessive salt.",
varicose veins,How can I prevent varicose veins?,"Preventing varicose veins involves maintaining a healthy lifestyle, regular exercise, proper diet, and avoiding risk factors such as smoking or alcohol consumption.",
varicose veins,When should I seek medical help for varicose veins?,"Seek medical help if you experience persistent or worsening symptoms of varicose veins, such as swollen,twisted veins,usually in the legs. Early intervention can prevent complications.",
varicose veins,Are there any home remedies for varicose veins?,"Some home remedies for varicose veins include staying hydrated, consuming anti-inflammatory foods, and getting enough rest. However, professional medical advice is recommended.",
varicose veins,Can varicose veins be cured completely?,"Some cases of varicose veins can be cured completely with early detection and proper treatment, while others require lifelong management. A vascular surgeon can guide you based on your condition.",
varicose veins,Is varicose veins contagious?,"Whether varicose veins is contagious depends on its cause. If it's due to a viral or bacterial infection, it may spread through close contact. Consult a vascular surgeon for more details.",
varicose veins,How does varicose veins affect daily life?,"varicose veins can impact daily activities by causing discomfort, fatigue, or limiting mobility. With proper treatment and lifestyle adjustments, many people successfully manage it.",
warts ,What is warts ?,"warts  is a medical condition characterized by raised,rough growths on the skin. It can result from various factors like infections, genetic predisposition, or lifestyle habits. Early diagnosis and treatment can help manage it effectively.",
warts ,What causes warts ?,"The causes of warts  vary but often include factors like infections, environmental exposure, genetic mutations, and poor lifestyle habits. A dermatologist can help identify the specific cause in your case.",
warts ,What are the symptoms of warts ?,"Common symptoms of warts  include raised,rough growths on the skin. If you experience these symptoms, it is advisable to consult a dermatologist for proper evaluation.",
warts ,How is warts  diagnosed?,"warts  is diagnosed using methods such as physical examinations, blood tests, imaging scans, and laboratory tests. A dermatologist will determine the best approach based on your symptoms.",
warts ,What treatments are available for warts ?,"Treatment for warts  typically includes over-the-counter medications,prescription medications,cryotherapy,laser therapy, along with lifestyle modifications and medications. Consultation with a dermatologist is essential for proper treatment guidance.",
warts ,Which doctor should I consult for warts ?,"If you have warts , you should consult a dermatologist, who specializes in diagnosing and treating this condition.",
warts ,What foods should I eat or avoid if I have warts ?,"A recommended diet for warts  includes nutrient-rich foods like leafy greens, lean proteins, and whole grains. Avoid processed foods, high sugar, and excessive salt.",
warts ,How can I prevent warts ?,"Preventing warts  involves maintaining a healthy lifestyle, regular exercise, proper diet, and avoiding risk factors such as smoking or alcohol consumption.",
warts ,When should I seek medical help for warts ?,"Seek medical help if you experience persistent or worsening symptoms of warts , such as raised,rough growths on the skin. Early intervention can prevent complications.",
warts ,Are there any home remedies for warts ?,"Some home remedies for warts  include staying hydrated, consuming anti-inflammatory foods, and getting enough rest. However, professional medical advice is recommended.",
warts ,Can warts  be cured completely?,"Some cases of warts  can be cured completely with early detection and proper treatment, while others require lifelong management. A dermatologist can guide you based on your condition.",
warts ,Is warts  contagious?,"Whether warts  is contagious depends on its cause. If it's due to a viral or bacterial infection, it may spread through close contact. Consult a dermatologist for more details.",
warts ,How does warts  affect daily life?,"warts  can impact daily activities by causing discomfort, fatigue, or limiting mobility. With proper treatment and lifestyle adjustments, many people successfully manage it.",
yeast infection,What is yeast infection?,"yeast infection is a medical condition characterized by itching,burning,discharge from the vaginor penis. It can result from various factors like infections, genetic predisposition, or lifestyle habits. Early diagnosis and treatment can help manage it effectively.",
yeast infection,What causes yeast infection?,"The causes of yeast infection vary but often include factors like infections, environmental exposure, genetic mutations, and poor lifestyle habits. A urologist,gynecologist can help identify the specific cause in your case.",
yeast infection,What are the symptoms of yeast infection?,"Common symptoms of yeast infection include itching,burning,discharge from the vaginor penis. If you experience these symptoms, it is advisable to consult a urologist,gynecologist for proper evaluation.",
yeast infection,How is yeast infection diagnosed?,"yeast infection is diagnosed using methods such as physical examinations, blood tests, imaging scans, and laboratory tests. A urologist,gynecologist will determine the best approach based on your symptoms.",
yeast infection,What treatments are available for yeast infection?,"Treatment for yeast infection typically includes over-the-counter medications,prescription medications, along with lifestyle modifications and medications. Consultation with a urologist,gynecologist is essential for proper treatment guidance.",
yeast infection,Which doctor should I consult for yeast infection?,"If you have yeast infection, you should consult a urologist,gynecologist, who specializes in diagnosing and treating this condition.",
yeast infection,What foods should I eat or avoid if I have yeast infection?,"A recommended diet for yeast infection includes nutrient-rich foods like leafy greens, lean proteins, and whole grains. Avoid processed foods, high sugar, and excessive salt.",
yeast infection,How can I prevent yeast infection?,"Preventing yeast infection involves maintaining a healthy lifestyle, regular exercise, proper diet, and avoiding risk factors such as smoking or alcohol consumption.",
yeast infection,When should I seek medical help for yeast infection?,"Seek medical help if you experience persistent or worsening symptoms of yeast infection, such as itching,burning,discharge from the vaginor penis. Early intervention can prevent complications.",
yeast infection,Are there any home remedies for yeast infection?,"Some home remedies for yeast infection include staying hydrated, consuming anti-inflammatory foods, and getting enough rest. However, professional medical advice is recommended.",
yeast infection,Can yeast infection be cured completely?,"Some cases of yeast infection can be cured completely with early detection and proper treatment, while others require lifelong management. A urologist,gynecologist can guide you based on your condition.",
yeast infection,Is yeast infection contagious?,"Whether yeast infection is contagious depends on its cause. If it's due to a viral or bacterial infection, it may spread through close contact. Consult a urologist,gynecologist for more details.",
yeast infection,How does yeast infection affect daily life?,"yeast infection can impact daily activities by causing discomfort, fatigue, or limiting mobility. With proper treatment and lifestyle adjustments, many people successfully manage it.",
acanthamoebkeratitis,What is acanthamoebkeratitis?,"acanthamoebkeratitis is a medical condition characterized by pain,redness,inflammation in the eye. It can result from various factors like infections, genetic predisposition, or lifestyle habits. Early diagnosis and treatment can help manage it effectively.",
acanthamoebkeratitis,What causes acanthamoebkeratitis?,"The causes of acanthamoebkeratitis vary but often include factors like infections, environmental exposure, genetic mutations, and poor lifestyle habits. A ophthalmologist  can help identify the specific cause in your case.",
acanthamoebkeratitis,What are the symptoms of acanthamoebkeratitis?,"Common symptoms of acanthamoebkeratitis include pain,redness,inflammation in the eye. If you experience these symptoms, it is advisable to consult a ophthalmologist  for proper evaluation.",
acanthamoebkeratitis,How is acanthamoebkeratitis diagnosed?,"acanthamoebkeratitis is diagnosed using methods such as physical examinations, blood tests, imaging scans, and laboratory tests. A ophthalmologist  will determine the best approach based on your symptoms.",
acanthamoebkeratitis,What treatments are available for acanthamoebkeratitis?,"Treatment for acanthamoebkeratitis typically includes antibiotics,antifungals,surgery, along with lifestyle modifications and medications. Consultation with a ophthalmologist  is essential for proper treatment guidance.",
acanthamoebkeratitis,Which doctor should I consult for acanthamoebkeratitis?,"If you have acanthamoebkeratitis, you should consult a ophthalmologist , who specializes in diagnosing and treating this condition.",
acanthamoebkeratitis,What foods should I eat or avoid if I have acanthamoebkeratitis?,"A recommended diet for acanthamoebkeratitis includes nutrient-rich foods like leafy greens, lean proteins, and whole grains. Avoid processed foods, high sugar, and excessive salt.",
acanthamoebkeratitis,How can I prevent acanthamoebkeratitis?,"Preventing acanthamoebkeratitis involves maintaining a healthy lifestyle, regular exercise, proper diet, and avoiding risk factors such as smoking or alcohol consumption.",
acanthamoebkeratitis,When should I seek medical help for acanthamoebkeratitis?,"Seek medical help if you experience persistent or worsening symptoms of acanthamoebkeratitis, such as pain,redness,inflammation in the eye. Early intervention can prevent complications.",
acanthamoebkeratitis,Are there any home remedies for acanthamoebkeratitis?,"Some home remedies for acanthamoebkeratitis include staying hydrated, consuming anti-inflammatory foods, and getting enough rest. However, professional medical advice is recommended.",
acanthamoebkeratitis,Can acanthamoebkeratitis be cured completely?,"Some cases of acanthamoebkeratitis can be cured completely with early detection and proper treatment, while others require lifelong management. A ophthalmologist  can guide you based on your condition.",
acanthamoebkeratitis,Is acanthamoebkeratitis contagious?,"Whether acanthamoebkeratitis is contagious depends on its cause. If it's due to a viral or bacterial infection, it may spread through close contact. Consult a ophthalmologist  for more details.",
acanthamoebkeratitis,How does acanthamoebkeratitis affect daily life?,"acanthamoebkeratitis can impact daily activities by causing discomfort, fatigue, or limiting mobility. With proper treatment and lifestyle adjustments, many people successfully manage it.",
acute appendicitis,What is acute appendicitis?,"acute appendicitis is a medical condition characterized by pain in the lower right abdomen,nausea,vomiting,fever. It can result from various factors like infections, genetic predisposition, or lifestyle habits. Early diagnosis and treatment can help manage it effectively.",
acute appendicitis,What causes acute appendicitis?,"The causes of acute appendicitis vary but often include factors like infections, environmental exposure, genetic mutations, and poor lifestyle habits. A surgeon can help identify the specific cause in your case.",
acute appendicitis,What are the symptoms of acute appendicitis?,"Common symptoms of acute appendicitis include pain in the lower right abdomen,nausea,vomiting,fever. If you experience these symptoms, it is advisable to consult a surgeon for proper evaluation.",
acute appendicitis,How is acute appendicitis diagnosed?,"acute appendicitis is diagnosed using methods such as physical examinations, blood tests, imaging scans, and laboratory tests. A surgeon will determine the best approach based on your symptoms.",
acute appendicitis,What treatments are available for acute appendicitis?,"Treatment for acute appendicitis typically includes appendectomy, along with lifestyle modifications and medications. Consultation with a surgeon is essential for proper treatment guidance.",
acute appendicitis,Which doctor should I consult for acute appendicitis?,"If you have acute appendicitis, you should consult a surgeon, who specializes in diagnosing and treating this condition.",
acute appendicitis,What foods should I eat or avoid if I have acute appendicitis?,"A recommended diet for acute appendicitis includes nutrient-rich foods like leafy greens, lean proteins, and whole grains. Avoid processed foods, high sugar, and excessive salt.",
acute appendicitis,How can I prevent acute appendicitis?,"Preventing acute appendicitis involves maintaining a healthy lifestyle, regular exercise, proper diet, and avoiding risk factors such as smoking or alcohol consumption.",
acute appendicitis,When should I seek medical help for acute appendicitis?,"Seek medical help if you experience persistent or worsening symptoms of acute appendicitis, such as pain in the lower right abdomen,nausea,vomiting,fever. Early intervention can prevent complications.",
acute appendicitis,Are there any home remedies for acute appendicitis?,"Some home remedies for acute appendicitis include staying hydrated, consuming anti-inflammatory foods, and getting enough rest. However, professional medical advice is recommended.",
acute appendicitis,Can acute appendicitis be cured completely?,"Some cases of acute appendicitis can be cured completely with early detection and proper treatment, while others require lifelong management. A surgeon can guide you based on your condition.",
acute appendicitis,Is acute appendicitis contagious?,"Whether acute appendicitis is contagious depends on its cause. If it's due to a viral or bacterial infection, it may spread through close contact. Consult a surgeon for more details.",
acute appendicitis,How does acute appendicitis affect daily life?,"acute appendicitis can impact daily activities by causing discomfort, fatigue, or limiting mobility. With proper treatment and lifestyle adjustments, many people successfully manage it.",
acute kidney injury (aki) ,What is acute kidney injury (aki) ?,"acute kidney injury (aki)  is a medical condition characterized by decreased kidney function. It can result from various factors like infections, genetic predisposition, or lifestyle habits. Early diagnosis and treatment can help manage it effectively.",
acute kidney injury (aki) ,What causes acute kidney injury (aki) ?,"The causes of acute kidney injury (aki)  vary but often include factors like infections, environmental exposure, genetic mutations, and poor lifestyle habits. A nephrologist  can help identify the specific cause in your case.",
acute kidney injury (aki) ,What are the symptoms of acute kidney injury (aki) ?,"Common symptoms of acute kidney injury (aki)  include decreased kidney function. If you experience these symptoms, it is advisable to consult a nephrologist  for proper evaluation.",
acute kidney injury (aki) ,How is acute kidney injury (aki)  diagnosed?,"acute kidney injury (aki)  is diagnosed using methods such as physical examinations, blood tests, imaging scans, and laboratory tests. A nephrologist  will determine the best approach based on your symptoms.",
acute kidney injury (aki) ,What treatments are available for acute kidney injury (aki) ?,"Treatment for acute kidney injury (aki)  typically includes treatment for the underlying cause,such as dehydration,infection,medication side effect , along with lifestyle modifications and medications. Consultation with a nephrologist  is essential for proper treatment guidance.",
acute kidney injury (aki) ,Which doctor should I consult for acute kidney injury (aki) ?,"If you have acute kidney injury (aki) , you should consult a nephrologist , who specializes in diagnosing and treating this condition.",
acute kidney injury (aki) ,What foods should I eat or avoid if I have acute kidney injury (aki) ?,"A recommended diet for acute kidney injury (aki)  includes nutrient-rich foods like leafy greens, lean proteins, and whole grains. Avoid processed foods, high sugar, and excessive salt.",
acute kidney injury (aki) ,How can I prevent acute kidney injury (aki) ?,"Preventing acute kidney injury (aki)  involves maintaining a healthy lifestyle, regular exercise, proper diet, and avoiding risk factors such as smoking or alcohol consumption.",
acute kidney injury (aki) ,When should I seek medical help for acute kidney injury (aki) ?,"Seek medical help if you experience persistent or worsening symptoms of acute kidney injury (aki) , such as decreased kidney function. Early intervention can prevent complications.",
acute kidney injury (aki) ,Are there any home remedies for acute kidney injury (aki) ?,"Some home remedies for acute kidney injury (aki)  include staying hydrated, consuming anti-inflammatory foods, and getting enough rest. However, professional medical advice is recommended.",
acute kidney injury (aki) ,Can acute kidney injury (aki)  be cured completely?,"Some cases of acute kidney injury (aki)  can be cured completely with early detection and proper treatment, while others require lifelong management. A nephrologist  can guide you based on your condition.",
acute kidney injury (aki) ,Is acute kidney injury (aki)  contagious?,"Whether acute kidney injury (aki)  is contagious depends on its cause. If it's due to a viral or bacterial infection, it may spread through close contact. Consult a nephrologist  for more details.",
acute kidney injury (aki) ,How does acute kidney injury (aki)  affect daily life?,"acute kidney injury (aki)  can impact daily activities by causing discomfort, fatigue, or limiting mobility. With proper treatment and lifestyle adjustments, many people successfully manage it.",
alzheimer's disease,What is alzheimer's disease?,"alzheimer's disease is a medical condition characterized by memory loss,confusion,difficulty thinking,changes in personality or behavior. It can result from various factors like infections, genetic predisposition, or lifestyle habits. Early diagnosis and treatment can help manage it effectively.",
alzheimer's disease,What causes alzheimer's disease?,"The causes of alzheimer's disease vary but often include factors like infections, environmental exposure, genetic mutations, and poor lifestyle habits. A neurologist can help identify the specific cause in your case.",
alzheimer's disease,What are the symptoms of alzheimer's disease?,"Common symptoms of alzheimer's disease include memory loss,confusion,difficulty thinking,changes in personality or behavior. If you experience these symptoms, it is advisable to consult a neurologist for proper evaluation.",
alzheimer's disease,How is alzheimer's disease diagnosed?,"alzheimer's disease is diagnosed using methods such as physical examinations, blood tests, imaging scans, and laboratory tests. A neurologist will determine the best approach based on your symptoms.",
alzheimer's disease,What treatments are available for alzheimer's disease?,"Treatment for alzheimer's disease typically includes there is no cure for alzheimer's disease,but there are treatments that can help manage the symptoms , along with lifestyle modifications and medications. Consultation with a neurologist is essential for proper treatment guidance.",
alzheimer's disease,Which doctor should I consult for alzheimer's disease?,"If you have alzheimer's disease, you should consult a neurologist, who specializes in diagnosing and treating this condition.",
alzheimer's disease,What foods should I eat or avoid if I have alzheimer's disease?,"A recommended diet for alzheimer's disease includes nutrient-rich foods like leafy greens, lean proteins, and whole grains. Avoid processed foods, high sugar, and excessive salt.",
alzheimer's disease,How can I prevent alzheimer's disease?,"Preventing alzheimer's disease involves maintaining a healthy lifestyle, regular exercise, proper diet, and avoiding risk factors such as smoking or alcohol consumption.",
alzheimer's disease,When should I seek medical help for alzheimer's disease?,"Seek medical help if you experience persistent or worsening symptoms of alzheimer's disease, such as memory loss,confusion,difficulty thinking,changes in personality or behavior. Early intervention can prevent complications.",
alzheimer's disease,Are there any home remedies for alzheimer's disease?,"Some home remedies for alzheimer's disease include staying hydrated, consuming anti-inflammatory foods, and getting enough rest. However, professional medical advice is recommended.",
alzheimer's disease,Can alzheimer's disease be cured completely?,"Some cases of alzheimer's disease can be cured completely with early detection and proper treatment, while others require lifelong management. A neurologist can guide you based on your condition.",
alzheimer's disease,Is alzheimer's disease contagious?,"Whether alzheimer's disease is contagious depends on its cause. If it's due to a viral or bacterial infection, it may spread through close contact. Consult a neurologist for more details.",
alzheimer's disease,How does alzheimer's disease affect daily life?,"alzheimer's disease can impact daily activities by causing discomfort, fatigue, or limiting mobility. With proper treatment and lifestyle adjustments, many people successfully manage it.",
anemia,What is anemia?,"anemia is a medical condition characterized by fatigue,shortness of breath,pale skin,lightheadedness,dizziness. It can result from various factors like infections, genetic predisposition, or lifestyle habits. Early diagnosis and treatment can help manage it effectively.",
anemia,What causes anemia?,"The causes of anemia vary but often include factors like infections, environmental exposure, genetic mutations, and poor lifestyle habits. A hematologist can help identify the specific cause in your case.",
anemia,What are the symptoms of anemia?,"Common symptoms of anemia include fatigue,shortness of breath,pale skin,lightheadedness,dizziness. If you experience these symptoms, it is advisable to consult a hematologist for proper evaluation.",
anemia,How is anemia diagnosed?,"anemia is diagnosed using methods such as physical examinations, blood tests, imaging scans, and laboratory tests. A hematologist will determine the best approach based on your symptoms.",
anemia,What treatments are available for anemia?,"Treatment for anemia typically includes treatment for anemidepends on the type of anemia,but may include medication,blood transfusions,surgery, along with lifestyle modifications and medications. Consultation with a hematologist is essential for proper treatment guidance.",
anemia,Which doctor should I consult for anemia?,"If you have anemia, you should consult a hematologist, who specializes in diagnosing and treating this condition.",
anemia,What foods should I eat or avoid if I have anemia?,"A recommended diet for anemia includes nutrient-rich foods like leafy greens, lean proteins, and whole grains. Avoid processed foods, high sugar, and excessive salt.",
anemia,How can I prevent anemia?,"Preventing anemia involves maintaining a healthy lifestyle, regular exercise, proper diet, and avoiding risk factors such as smoking or alcohol consumption.",
anemia,When should I seek medical help for anemia?,"Seek medical help if you experience persistent or worsening symptoms of anemia, such as fatigue,shortness of breath,pale skin,lightheadedness,dizziness. Early intervention can prevent complications.",
anemia,Are there any home remedies for anemia?,"Some home remedies for anemia include staying hydrated, consuming anti-inflammatory foods, and getting enough rest. However, professional medical advice is recommended.",
anemia,Can anemia be cured completely?,"Some cases of anemia can be cured completely with early detection and proper treatment, while others require lifelong management. A hematologist can guide you based on your condition.",
anemia,Is anemia contagious?,"Whether anemia is contagious depends on its cause. If it's due to a viral or bacterial infection, it may spread through close contact. Consult a hematologist for more details.",
anemia,How does anemia affect daily life?,"anemia can impact daily activities by causing discomfort, fatigue, or limiting mobility. With proper treatment and lifestyle adjustments, many people successfully manage it.",
aortic aneurysm,What is aortic aneurysm?,"aortic aneurysm is a medical condition characterized by bulge in the wall of the aorta,the largest artery in the body. It can result from various factors like infections, genetic predisposition, or lifestyle habits. Early diagnosis and treatment can help manage it effectively.",
aortic aneurysm,What causes aortic aneurysm?,"The causes of aortic aneurysm vary but often include factors like infections, environmental exposure, genetic mutations, and poor lifestyle habits. A vascular surgeon can help identify the specific cause in your case.",
aortic aneurysm,What are the symptoms of aortic aneurysm?,"Common symptoms of aortic aneurysm include bulge in the wall of the aorta,the largest artery in the body. If you experience these symptoms, it is advisable to consult a vascular surgeon for proper evaluation.",
aortic aneurysm,How is aortic aneurysm diagnosed?,"aortic aneurysm is diagnosed using methods such as physical examinations, blood tests, imaging scans, and laboratory tests. A vascular surgeon will determine the best approach based on your symptoms.",
aortic aneurysm,What treatments are available for aortic aneurysm?,"Treatment for aortic aneurysm typically includes surgery, along with lifestyle modifications and medications. Consultation with a vascular surgeon is essential for proper treatment guidance.",
aortic aneurysm,Which doctor should I consult for aortic aneurysm?,"If you have aortic aneurysm, you should consult a vascular surgeon, who specializes in diagnosing and treating this condition.",
aortic aneurysm,What foods should I eat or avoid if I have aortic aneurysm?,"A recommended diet for aortic aneurysm includes nutrient-rich foods like leafy greens, lean proteins, and whole grains. Avoid processed foods, high sugar, and excessive salt.",
aortic aneurysm,How can I prevent aortic aneurysm?,"Preventing aortic aneurysm involves maintaining a healthy lifestyle, regular exercise, proper diet, and avoiding risk factors such as smoking or alcohol consumption.",
aortic aneurysm,When should I seek medical help for aortic aneurysm?,"Seek medical help if you experience persistent or worsening symptoms of aortic aneurysm, such as bulge in the wall of the aorta,the largest artery in the body. Early intervention can prevent complications.",
aortic aneurysm,Are there any home remedies for aortic aneurysm?,"Some home remedies for aortic aneurysm include staying hydrated, consuming anti-inflammatory foods, and getting enough rest. However, professional medical advice is recommended.",
aortic aneurysm,Can aortic aneurysm be cured completely?,"Some cases of aortic aneurysm can be cured completely with early detection and proper treatment, while others require lifelong management. A vascular surgeon can guide you based on your condition.",
aortic aneurysm,Is aortic aneurysm contagious?,"Whether aortic aneurysm is contagious depends on its cause. If it's due to a viral or bacterial infection, it may spread through close contact. Consult a vascular surgeon for more details.",
aortic aneurysm,How does aortic aneurysm affect daily life?,"aortic aneurysm can impact daily activities by causing discomfort, fatigue, or limiting mobility. With proper treatment and lifestyle adjustments, many people successfully manage it.",
bacterial meningitis ,What is bacterial meningitis ?,"bacterial meningitis  is a medical condition characterized by fever,headache,stiff neck,nausea,vomiting,sensitivity to light. It can result from various factors like infections, genetic predisposition, or lifestyle habits. Early diagnosis and treatment can help manage it effectively.",
bacterial meningitis ,What causes bacterial meningitis ?,"The causes of bacterial meningitis  vary but often include factors like infections, environmental exposure, genetic mutations, and poor lifestyle habits. A neurologist,neurosurgeon can help identify the specific cause in your case.",
bacterial meningitis ,What are the symptoms of bacterial meningitis ?,"Common symptoms of bacterial meningitis  include fever,headache,stiff neck,nausea,vomiting,sensitivity to light. If you experience these symptoms, it is advisable to consult a neurologist,neurosurgeon for proper evaluation.",
bacterial meningitis ,How is bacterial meningitis  diagnosed?,"bacterial meningitis  is diagnosed using methods such as physical examinations, blood tests, imaging scans, and laboratory tests. A neurologist,neurosurgeon will determine the best approach based on your symptoms.",
bacterial meningitis ,What treatments are available for bacterial meningitis ?,"Treatment for bacterial meningitis  typically includes antibiotics, along with lifestyle modifications and medications. Consultation with a neurologist,neurosurgeon is essential for proper treatment guidance.",
bacterial meningitis ,Which doctor should I consult for bacterial meningitis ?,"If you have bacterial meningitis , you should consult a neurologist,neurosurgeon, who specializes in diagnosing and treating this condition.",
bacterial meningitis ,What foods should I eat or avoid if I have bacterial meningitis ?,"A recommended diet for bacterial meningitis  includes nutrient-rich foods like leafy greens, lean proteins, and whole grains. Avoid processed foods, high sugar, and excessive salt.",
bacterial meningitis ,How can I prevent bacterial meningitis ?,"Preventing bacterial meningitis  involves maintaining a healthy lifestyle, regular exercise, proper diet, and avoiding risk factors such as smoking or alcohol consumption.",
bacterial meningitis ,When should I seek medical help for bacterial meningitis ?,"Seek medical help if you experience persistent or worsening symptoms of bacterial meningitis , such as fever,headache,stiff neck,nausea,vomiting,sensitivity to light. Early intervention can prevent complications.",
bacterial meningitis ,Are there any home remedies for bacterial meningitis ?,"Some home remedies for bacterial meningitis  include staying hydrated, consuming anti-inflammatory foods, and getting enough rest. However, professional medical advice is recommended.",
bacterial meningitis ,Can bacterial meningitis  be cured completely?,"Some cases of bacterial meningitis  can be cured completely with early detection and proper treatment, while others require lifelong management. A neurologist,neurosurgeon can guide you based on your condition.",
bacterial meningitis ,Is bacterial meningitis  contagious?,"Whether bacterial meningitis  is contagious depends on its cause. If it's due to a viral or bacterial infection, it may spread through close contact. Consult a neurologist,neurosurgeon for more details.",
bacterial meningitis ,How does bacterial meningitis  affect daily life?,"bacterial meningitis  can impact daily activities by causing discomfort, fatigue, or limiting mobility. With proper treatment and lifestyle adjustments, many people successfully manage it.",
bipolar disorder,What is bipolar disorder?,"bipolar disorder is a medical condition characterized by extreme mood swings,from manito depression. It can result from various factors like infections, genetic predisposition, or lifestyle habits. Early diagnosis and treatment can help manage it effectively.",
bipolar disorder,What causes bipolar disorder?,"The causes of bipolar disorder vary but often include factors like infections, environmental exposure, genetic mutations, and poor lifestyle habits. A psychologist,psychiatrist can help identify the specific cause in your case.",
bipolar disorder,What are the symptoms of bipolar disorder?,"Common symptoms of bipolar disorder include extreme mood swings,from manito depression. If you experience these symptoms, it is advisable to consult a psychologist,psychiatrist for proper evaluation.",
bipolar disorder,How is bipolar disorder diagnosed?,"bipolar disorder is diagnosed using methods such as physical examinations, blood tests, imaging scans, and laboratory tests. A psychologist,psychiatrist will determine the best approach based on your symptoms.",
bipolar disorder,What treatments are available for bipolar disorder?,"Treatment for bipolar disorder typically includes treatment for bipolar disorder may include medication,therapy,combination of both, along with lifestyle modifications and medications. Consultation with a psychologist,psychiatrist is essential for proper treatment guidance.",
bipolar disorder,Which doctor should I consult for bipolar disorder?,"If you have bipolar disorder, you should consult a psychologist,psychiatrist, who specializes in diagnosing and treating this condition.",
bipolar disorder,What foods should I eat or avoid if I have bipolar disorder?,"A recommended diet for bipolar disorder includes nutrient-rich foods like leafy greens, lean proteins, and whole grains. Avoid processed foods, high sugar, and excessive salt.",
bipolar disorder,How can I prevent bipolar disorder?,"Preventing bipolar disorder involves maintaining a healthy lifestyle, regular exercise, proper diet, and avoiding risk factors such as smoking or alcohol consumption.",
bipolar disorder,When should I seek medical help for bipolar disorder?,"Seek medical help if you experience persistent or worsening symptoms of bipolar disorder, such as extreme mood swings,from manito depression. Early intervention can prevent complications.",
bipolar disorder,Are there any home remedies for bipolar disorder?,"Some home remedies for bipolar disorder include staying hydrated, consuming anti-inflammatory foods, and getting enough rest. However, professional medical advice is recommended.",
bipolar disorder,Can bipolar disorder be cured completely?,"Some cases of bipolar disorder can be cured completely with early detection and proper treatment, while others require lifelong management. A psychologist,psychiatrist can guide you based on your condition.",
bipolar disorder,Is bipolar disorder contagious?,"Whether bipolar disorder is contagious depends on its cause. If it's due to a viral or bacterial infection, it may spread through close contact. Consult a psychologist,psychiatrist for more details.",
bipolar disorder,How does bipolar disorder affect daily life?,"bipolar disorder can impact daily activities by causing discomfort, fatigue, or limiting mobility. With proper treatment and lifestyle adjustments, many people successfully manage it.",
cervical cancer ,What is cervical cancer ?,"cervical cancer  is a medical condition characterized by abnormal pap test results,abnormal vaginal bleeding,pain during sex. It can result from various factors like infections, genetic predisposition, or lifestyle habits. Early diagnosis and treatment can help manage it effectively.",
cervical cancer ,What causes cervical cancer ?,"The causes of cervical cancer  vary but often include factors like infections, environmental exposure, genetic mutations, and poor lifestyle habits. A gynecologist  can help identify the specific cause in your case.",
cervical cancer ,What are the symptoms of cervical cancer ?,"Common symptoms of cervical cancer  include abnormal pap test results,abnormal vaginal bleeding,pain during sex. If you experience these symptoms, it is advisable to consult a gynecologist  for proper evaluation.",
cervical cancer ,How is cervical cancer  diagnosed?,"cervical cancer  is diagnosed using methods such as physical examinations, blood tests, imaging scans, and laboratory tests. A gynecologist  will determine the best approach based on your symptoms.",
cervical cancer ,What treatments are available for cervical cancer ?,"Treatment for cervical cancer  typically includes surgery,chemotherapy,radiation therapy, along with lifestyle modifications and medications. Consultation with a gynecologist  is essential for proper treatment guidance.",
cervical cancer ,Which doctor should I consult for cervical cancer ?,"If you have cervical cancer , you should consult a gynecologist , who specializes in diagnosing and treating this condition.",
cervical cancer ,What foods should I eat or avoid if I have cervical cancer ?,"A recommended diet for cervical cancer  includes nutrient-rich foods like leafy greens, lean proteins, and whole grains. Avoid processed foods, high sugar, and excessive salt.",
cervical cancer ,How can I prevent cervical cancer ?,"Preventing cervical cancer  involves maintaining a healthy lifestyle, regular exercise, proper diet, and avoiding risk factors such as smoking or alcohol consumption.",
cervical cancer ,When should I seek medical help for cervical cancer ?,"Seek medical help if you experience persistent or worsening symptoms of cervical cancer , such as abnormal pap test results,abnormal vaginal bleeding,pain during sex. Early intervention can prevent complications.",
cervical cancer ,Are there any home remedies for cervical cancer ?,"Some home remedies for cervical cancer  include staying hydrated, consuming anti-inflammatory foods, and getting enough rest. However, professional medical advice is recommended.",
cervical cancer ,Can cervical cancer  be cured completely?,"Some cases of cervical cancer  can be cured completely with early detection and proper treatment, while others require lifelong management. A gynecologist  can guide you based on your condition.",
cervical cancer ,Is cervical cancer  contagious?,"Whether cervical cancer  is contagious depends on its cause. If it's due to a viral or bacterial infection, it may spread through close contact. Consult a gynecologist  for more details.",
cervical cancer ,How does cervical cancer  affect daily life?,"cervical cancer  can impact daily activities by causing discomfort, fatigue, or limiting mobility. With proper treatment and lifestyle adjustments, many people successfully manage it.",
colorectal cancer,What is colorectal cancer?,"colorectal cancer is a medical condition characterized by change in bowel habits,such as diarrhea,constipation,narrowing of the stool,blood in the stool,abdominal pain,unexplained weight loss. It can result from various factors like infections, genetic predisposition, or lifestyle habits. Early diagnosis and treatment can help manage it effectively.",
colorectal cancer,What causes colorectal cancer?,"The causes of colorectal cancer vary but often include factors like infections, environmental exposure, genetic mutations, and poor lifestyle habits. A gastroenterologist can help identify the specific cause in your case.",
colorectal cancer,What are the symptoms of colorectal cancer?,"Common symptoms of colorectal cancer include change in bowel habits,such as diarrhea,constipation,narrowing of the stool,blood in the stool,abdominal pain,unexplained weight loss. If you experience these symptoms, it is advisable to consult a gastroenterologist for proper evaluation.",
colorectal cancer,How is colorectal cancer diagnosed?,"colorectal cancer is diagnosed using methods such as physical examinations, blood tests, imaging scans, and laboratory tests. A gastroenterologist will determine the best approach based on your symptoms.",
colorectal cancer,What treatments are available for colorectal cancer?,"Treatment for colorectal cancer typically includes surgery,chemotherapy,radiation therapy, along with lifestyle modifications and medications. Consultation with a gastroenterologist is essential for proper treatment guidance.",
colorectal cancer,Which doctor should I consult for colorectal cancer?,"If you have colorectal cancer, you should consult a gastroenterologist, who specializes in diagnosing and treating this condition.",
colorectal cancer,What foods should I eat or avoid if I have colorectal cancer?,"A recommended diet for colorectal cancer includes nutrient-rich foods like leafy greens, lean proteins, and whole grains. Avoid processed foods, high sugar, and excessive salt.",
colorectal cancer,How can I prevent colorectal cancer?,"Preventing colorectal cancer involves maintaining a healthy lifestyle, regular exercise, proper diet, and avoiding risk factors such as smoking or alcohol consumption.",
colorectal cancer,When should I seek medical help for colorectal cancer?,"Seek medical help if you experience persistent or worsening symptoms of colorectal cancer, such as change in bowel habits,such as diarrhea,constipation,narrowing of the stool,blood in the stool,abdominal pain,unexplained weight loss. Early intervention can prevent complications.",
colorectal cancer,Are there any home remedies for colorectal cancer?,"Some home remedies for colorectal cancer include staying hydrated, consuming anti-inflammatory foods, and getting enough rest. However, professional medical advice is recommended.",
colorectal cancer,Can colorectal cancer be cured completely?,"Some cases of colorectal cancer can be cured completely with early detection and proper treatment, while others require lifelong management. A gastroenterologist can guide you based on your condition.",
colorectal cancer,Is colorectal cancer contagious?,"Whether colorectal cancer is contagious depends on its cause. If it's due to a viral or bacterial infection, it may spread through close contact. Consult a gastroenterologist for more details.",
colorectal cancer,How does colorectal cancer affect daily life?,"colorectal cancer can impact daily activities by causing discomfort, fatigue, or limiting mobility. With proper treatment and lifestyle adjustments, many people successfully manage it.",
dementia,What is dementia?,"dementia is a medical condition characterized by memory loss,confusion,difficulty thinking,changes in personality or behavior. It can result from various factors like infections, genetic predisposition, or lifestyle habits. Early diagnosis and treatment can help manage it effectively.",
dementia,What causes dementia?,"The causes of dementia vary but often include factors like infections, environmental exposure, genetic mutations, and poor lifestyle habits. A neurologist  can help identify the specific cause in your case.",
dementia,What are the symptoms of dementia?,"Common symptoms of dementia include memory loss,confusion,difficulty thinking,changes in personality or behavior. If you experience these symptoms, it is advisable to consult a neurologist  for proper evaluation.",
dementia,How is dementia diagnosed?,"dementia is diagnosed using methods such as physical examinations, blood tests, imaging scans, and laboratory tests. A neurologist  will determine the best approach based on your symptoms.",
dementia,What treatments are available for dementia?,"Treatment for dementia typically includes there is no cure for dementia,but there are treatments that can help manage the symptoms, along with lifestyle modifications and medications. Consultation with a neurologist  is essential for proper treatment guidance.",
dementia,Which doctor should I consult for dementia?,"If you have dementia, you should consult a neurologist , who specializes in diagnosing and treating this condition.",
dementia,What foods should I eat or avoid if I have dementia?,"A recommended diet for dementia includes nutrient-rich foods like leafy greens, lean proteins, and whole grains. Avoid processed foods, high sugar, and excessive salt.",
dementia,How can I prevent dementia?,"Preventing dementia involves maintaining a healthy lifestyle, regular exercise, proper diet, and avoiding risk factors such as smoking or alcohol consumption.",
dementia,When should I seek medical help for dementia?,"Seek medical help if you experience persistent or worsening symptoms of dementia, such as memory loss,confusion,difficulty thinking,changes in personality or behavior. Early intervention can prevent complications.",
dementia,Are there any home remedies for dementia?,"Some home remedies for dementia include staying hydrated, consuming anti-inflammatory foods, and getting enough rest. However, professional medical advice is recommended.",
dementia,Can dementia be cured completely?,"Some cases of dementia can be cured completely with early detection and proper treatment, while others require lifelong management. A neurologist  can guide you based on your condition.",
dementia,Is dementia contagious?,"Whether dementia is contagious depends on its cause. If it's due to a viral or bacterial infection, it may spread through close contact. Consult a neurologist  for more details.",
dementia,How does dementia affect daily life?,"dementia can impact daily activities by causing discomfort, fatigue, or limiting mobility. With proper treatment and lifestyle adjustments, many people successfully manage it.",
erectile dysfunction,What is erectile dysfunction?,"erectile dysfunction is a medical condition characterized by difficulty getting,keeping an erection . It can result from various factors like infections, genetic predisposition, or lifestyle habits. Early diagnosis and treatment can help manage it effectively.",
erectile dysfunction,What causes erectile dysfunction?,"The causes of erectile dysfunction vary but often include factors like infections, environmental exposure, genetic mutations, and poor lifestyle habits. A urologist can help identify the specific cause in your case.",
erectile dysfunction,What are the symptoms of erectile dysfunction?,"Common symptoms of erectile dysfunction include difficulty getting,keeping an erection . If you experience these symptoms, it is advisable to consult a urologist for proper evaluation.",
erectile dysfunction,How is erectile dysfunction diagnosed?,"erectile dysfunction is diagnosed using methods such as physical examinations, blood tests, imaging scans, and laboratory tests. A urologist will determine the best approach based on your symptoms.",
erectile dysfunction,What treatments are available for erectile dysfunction?,"Treatment for erectile dysfunction typically includes medication,lifestyle changes,surgery , along with lifestyle modifications and medications. Consultation with a urologist is essential for proper treatment guidance.",
erectile dysfunction,Which doctor should I consult for erectile dysfunction?,"If you have erectile dysfunction, you should consult a urologist, who specializes in diagnosing and treating this condition.",
erectile dysfunction,What foods should I eat or avoid if I have erectile dysfunction?,"A recommended diet for erectile dysfunction includes nutrient-rich foods like leafy greens, lean proteins, and whole grains. Avoid processed foods, high sugar, and excessive salt.",
erectile dysfunction,How can I prevent erectile dysfunction?,"Preventing erectile dysfunction involves maintaining a healthy lifestyle, regular exercise, proper diet, and avoiding risk factors such as smoking or alcohol consumption.",
erectile dysfunction,When should I seek medical help for erectile dysfunction?,"Seek medical help if you experience persistent or worsening symptoms of erectile dysfunction, such as difficulty getting,keeping an erection . Early intervention can prevent complications.",
erectile dysfunction,Are there any home remedies for erectile dysfunction?,"Some home remedies for erectile dysfunction include staying hydrated, consuming anti-inflammatory foods, and getting enough rest. However, professional medical advice is recommended.",
erectile dysfunction,Can erectile dysfunction be cured completely?,"Some cases of erectile dysfunction can be cured completely with early detection and proper treatment, while others require lifelong management. A urologist can guide you based on your condition.",
erectile dysfunction,Is erectile dysfunction contagious?,"Whether erectile dysfunction is contagious depends on its cause. If it's due to a viral or bacterial infection, it may spread through close contact. Consult a urologist for more details.",
erectile dysfunction,How does erectile dysfunction affect daily life?,"erectile dysfunction can impact daily activities by causing discomfort, fatigue, or limiting mobility. With proper treatment and lifestyle adjustments, many people successfully manage it.",
fibromyalgi,What is fibromyalgi?,"fibromyalgi is a medical condition characterized by widespread pain,fatigue,tenderness. It can result from various factors like infections, genetic predisposition, or lifestyle habits. Early diagnosis and treatment can help manage it effectively.",
fibromyalgi,What causes fibromyalgi?,"The causes of fibromyalgi vary but often include factors like infections, environmental exposure, genetic mutations, and poor lifestyle habits. A rheumatologist  can help identify the specific cause in your case.",
fibromyalgi,What are the symptoms of fibromyalgi?,"Common symptoms of fibromyalgi include widespread pain,fatigue,tenderness. If you experience these symptoms, it is advisable to consult a rheumatologist  for proper evaluation.",
fibromyalgi,How is fibromyalgi diagnosed?,"fibromyalgi is diagnosed using methods such as physical examinations, blood tests, imaging scans, and laboratory tests. A rheumatologist  will determine the best approach based on your symptoms.",
fibromyalgi,What treatments are available for fibromyalgi?,"Treatment for fibromyalgi typically includes medication,lifestyle changes , along with lifestyle modifications and medications. Consultation with a rheumatologist  is essential for proper treatment guidance.",
fibromyalgi,Which doctor should I consult for fibromyalgi?,"If you have fibromyalgi, you should consult a rheumatologist , who specializes in diagnosing and treating this condition.",
fibromyalgi,What foods should I eat or avoid if I have fibromyalgi?,"A recommended diet for fibromyalgi includes nutrient-rich foods like leafy greens, lean proteins, and whole grains. Avoid processed foods, high sugar, and excessive salt.",
fibromyalgi,How can I prevent fibromyalgi?,"Preventing fibromyalgi involves maintaining a healthy lifestyle, regular exercise, proper diet, and avoiding risk factors such as smoking or alcohol consumption.",
fibromyalgi,When should I seek medical help for fibromyalgi?,"Seek medical help if you experience persistent or worsening symptoms of fibromyalgi, such as widespread pain,fatigue,tenderness. Early intervention can prevent complications.",
fibromyalgi,Are there any home remedies for fibromyalgi?,"Some home remedies for fibromyalgi include staying hydrated, consuming anti-inflammatory foods, and getting enough rest. However, professional medical advice is recommended.",
fibromyalgi,Can fibromyalgi be cured completely?,"Some cases of fibromyalgi can be cured completely with early detection and proper treatment, while others require lifelong management. A rheumatologist  can guide you based on your condition.",
fibromyalgi,Is fibromyalgi contagious?,"Whether fibromyalgi is contagious depends on its cause. If it's due to a viral or bacterial infection, it may spread through close contact. Consult a rheumatologist  for more details.",
fibromyalgi,How does fibromyalgi affect daily life?,"fibromyalgi can impact daily activities by causing discomfort, fatigue, or limiting mobility. With proper treatment and lifestyle adjustments, many people successfully manage it.",
glaucoma,What is glaucoma?,"glaucoma is a medical condition characterized by increased pressure in the eye that can damage the optic nerve,lead to vision loss. It can result from various factors like infections, genetic predisposition, or lifestyle habits. Early diagnosis and treatment can help manage it effectively.",
glaucoma,What causes glaucoma?,"The causes of glaucoma vary but often include factors like infections, environmental exposure, genetic mutations, and poor lifestyle habits. A  ophthalmologist can help identify the specific cause in your case.",
glaucoma,What are the symptoms of glaucoma?,"Common symptoms of glaucoma include increased pressure in the eye that can damage the optic nerve,lead to vision loss. If you experience these symptoms, it is advisable to consult a  ophthalmologist for proper evaluation.",
glaucoma,How is glaucoma diagnosed?,"glaucoma is diagnosed using methods such as physical examinations, blood tests, imaging scans, and laboratory tests. A  ophthalmologist will determine the best approach based on your symptoms.",
glaucoma,What treatments are available for glaucoma?,"Treatment for glaucoma typically includes medication,surgery , along with lifestyle modifications and medications. Consultation with a  ophthalmologist is essential for proper treatment guidance.",
glaucoma,Which doctor should I consult for glaucoma?,"If you have glaucoma, you should consult a  ophthalmologist, who specializes in diagnosing and treating this condition.",
glaucoma,What foods should I eat or avoid if I have glaucoma?,"A recommended diet for glaucoma includes nutrient-rich foods like leafy greens, lean proteins, and whole grains. Avoid processed foods, high sugar, and excessive salt.",
glaucoma,How can I prevent glaucoma?,"Preventing glaucoma involves maintaining a healthy lifestyle, regular exercise, proper diet, and avoiding risk factors such as smoking or alcohol consumption.",
glaucoma,When should I seek medical help for glaucoma?,"Seek medical help if you experience persistent or worsening symptoms of glaucoma, such as increased pressure in the eye that can damage the optic nerve,lead to vision loss. Early intervention can prevent complications.",
glaucoma,Are there any home remedies for glaucoma?,"Some home remedies for glaucoma include staying hydrated, consuming anti-inflammatory foods, and getting enough rest. However, professional medical advice is recommended.",
glaucoma,Can glaucoma be cured completely?,"Some cases of glaucoma can be cured completely with early detection and proper treatment, while others require lifelong management. A  ophthalmologist can guide you based on your condition.",
glaucoma,Is glaucoma contagious?,"Whether glaucoma is contagious depends on its cause. If it's due to a viral or bacterial infection, it may spread through close contact. Consult a  ophthalmologist for more details.",
glaucoma,How does glaucoma affect daily life?,"glaucoma can impact daily activities by causing discomfort, fatigue, or limiting mobility. With proper treatment and lifestyle adjustments, many people successfully manage it.",
heart failure,What is heart failure?,"heart failure is a medical condition characterized by condition in which the heart cannot pump blood as well as it should. It can result from various factors like infections, genetic predisposition, or lifestyle habits. Early diagnosis and treatment can help manage it effectively.",
heart failure,What causes heart failure?,"The causes of heart failure vary but often include factors like infections, environmental exposure, genetic mutations, and poor lifestyle habits. A cardiologist can help identify the specific cause in your case.",
heart failure,What are the symptoms of heart failure?,"Common symptoms of heart failure include condition in which the heart cannot pump blood as well as it should. If you experience these symptoms, it is advisable to consult a cardiologist for proper evaluation.",
heart failure,How is heart failure diagnosed?,"heart failure is diagnosed using methods such as physical examinations, blood tests, imaging scans, and laboratory tests. A cardiologist will determine the best approach based on your symptoms.",
heart failure,What treatments are available for heart failure?,"Treatment for heart failure typically includes medication,lifestyle changes,surgery, along with lifestyle modifications and medications. Consultation with a cardiologist is essential for proper treatment guidance.",
heart failure,Which doctor should I consult for heart failure?,"If you have heart failure, you should consult a cardiologist, who specializes in diagnosing and treating this condition.",
heart failure,What foods should I eat or avoid if I have heart failure?,"A recommended diet for heart failure includes nutrient-rich foods like leafy greens, lean proteins, and whole grains. Avoid processed foods, high sugar, and excessive salt.",
heart failure,How can I prevent heart failure?,"Preventing heart failure involves maintaining a healthy lifestyle, regular exercise, proper diet, and avoiding risk factors such as smoking or alcohol consumption.",
heart failure,When should I seek medical help for heart failure?,"Seek medical help if you experience persistent or worsening symptoms of heart failure, such as condition in which the heart cannot pump blood as well as it should. Early intervention can prevent complications.",
heart failure,Are there any home remedies for heart failure?,"Some home remedies for heart failure include staying hydrated, consuming anti-inflammatory foods, and getting enough rest. However, professional medical advice is recommended.",
heart failure,Can heart failure be cured completely?,"Some cases of heart failure can be cured completely with early detection and proper treatment, while others require lifelong management. A cardiologist can guide you based on your condition.",
heart failure,Is heart failure contagious?,"Whether heart failure is contagious depends on its cause. If it's due to a viral or bacterial infection, it may spread through close contact. Consult a cardiologist for more details.",
heart failure,How does heart failure affect daily life?,"heart failure can impact daily activities by causing discomfort, fatigue, or limiting mobility. With proper treatment and lifestyle adjustments, many people successfully manage it.",
kidney disease,What is kidney disease?,"kidney disease is a medical condition characterized by damage to the kidneys that can lead to kidney failure. It can result from various factors like infections, genetic predisposition, or lifestyle habits. Early diagnosis and treatment can help manage it effectively.",
kidney disease,What causes kidney disease?,"The causes of kidney disease vary but often include factors like infections, environmental exposure, genetic mutations, and poor lifestyle habits. A nephrologist can help identify the specific cause in your case.",
kidney disease,What are the symptoms of kidney disease?,"Common symptoms of kidney disease include damage to the kidneys that can lead to kidney failure. If you experience these symptoms, it is advisable to consult a nephrologist for proper evaluation.",
kidney disease,How is kidney disease diagnosed?,"kidney disease is diagnosed using methods such as physical examinations, blood tests, imaging scans, and laboratory tests. A nephrologist will determine the best approach based on your symptoms.",
kidney disease,What treatments are available for kidney disease?,"Treatment for kidney disease typically includes treatment for the underlying cause,such as high blood pressure,diabetes,an infection, along with lifestyle modifications and medications. Consultation with a nephrologist is essential for proper treatment guidance.",
kidney disease,Which doctor should I consult for kidney disease?,"If you have kidney disease, you should consult a nephrologist, who specializes in diagnosing and treating this condition.",
kidney disease,What foods should I eat or avoid if I have kidney disease?,"A recommended diet for kidney disease includes nutrient-rich foods like leafy greens, lean proteins, and whole grains. Avoid processed foods, high sugar, and excessive salt.",
kidney disease,How can I prevent kidney disease?,"Preventing kidney disease involves maintaining a healthy lifestyle, regular exercise, proper diet, and avoiding risk factors such as smoking or alcohol consumption.",
kidney disease,When should I seek medical help for kidney disease?,"Seek medical help if you experience persistent or worsening symptoms of kidney disease, such as damage to the kidneys that can lead to kidney failure. Early intervention can prevent complications.",
kidney disease,Are there any home remedies for kidney disease?,"Some home remedies for kidney disease include staying hydrated, consuming anti-inflammatory foods, and getting enough rest. However, professional medical advice is recommended.",
kidney disease,Can kidney disease be cured completely?,"Some cases of kidney disease can be cured completely with early detection and proper treatment, while others require lifelong management. A nephrologist can guide you based on your condition.",
kidney disease,Is kidney disease contagious?,"Whether kidney disease is contagious depends on its cause. If it's due to a viral or bacterial infection, it may spread through close contact. Consult a nephrologist for more details.",
kidney disease,How does kidney disease affect daily life?,"kidney disease can impact daily activities by causing discomfort, fatigue, or limiting mobility. With proper treatment and lifestyle adjustments, many people successfully manage it.",
lung disease,What is lung disease?,"lung disease is a medical condition characterized by condition that affects the lungs,can make it difficult to breathe. It can result from various factors like infections, genetic predisposition, or lifestyle habits. Early diagnosis and treatment can help manage it effectively.",
lung disease,What causes lung disease?,"The causes of lung disease vary but often include factors like infections, environmental exposure, genetic mutations, and poor lifestyle habits. A pulmonologist can help identify the specific cause in your case.",
lung disease,What are the symptoms of lung disease?,"Common symptoms of lung disease include condition that affects the lungs,can make it difficult to breathe. If you experience these symptoms, it is advisable to consult a pulmonologist for proper evaluation.",
lung disease,How is lung disease diagnosed?,"lung disease is diagnosed using methods such as physical examinations, blood tests, imaging scans, and laboratory tests. A pulmonologist will determine the best approach based on your symptoms.",
lung disease,What treatments are available for lung disease?,"Treatment for lung disease typically includes treatment for the underlying cause,such as asthma,chronic obstructive pulmonary disease (copd),pneumonia, along with lifestyle modifications and medications. Consultation with a pulmonologist is essential for proper treatment guidance.",
lung disease,Which doctor should I consult for lung disease?,"If you have lung disease, you should consult a pulmonologist, who specializes in diagnosing and treating this condition.",
lung disease,What foods should I eat or avoid if I have lung disease?,"A recommended diet for lung disease includes nutrient-rich foods like leafy greens, lean proteins, and whole grains. Avoid processed foods, high sugar, and excessive salt.",
lung disease,How can I prevent lung disease?,"Preventing lung disease involves maintaining a healthy lifestyle, regular exercise, proper diet, and avoiding risk factors such as smoking or alcohol consumption.",
lung disease,When should I seek medical help for lung disease?,"Seek medical help if you experience persistent or worsening symptoms of lung disease, such as condition that affects the lungs,can make it difficult to breathe. Early intervention can prevent complications.",
lung disease,Are there any home remedies for lung disease?,"Some home remedies for lung disease include staying hydrated, consuming anti-inflammatory foods, and getting enough rest. However, professional medical advice is recommended.",
lung disease,Can lung disease be cured completely?,"Some cases of lung disease can be cured completely with early detection and proper treatment, while others require lifelong management. A pulmonologist can guide you based on your condition.",
lung disease,Is lung disease contagious?,"Whether lung disease is contagious depends on its cause. If it's due to a viral or bacterial infection, it may spread through close contact. Consult a pulmonologist for more details.",
lung disease,How does lung disease affect daily life?,"lung disease can impact daily activities by causing discomfort, fatigue, or limiting mobility. With proper treatment and lifestyle adjustments, many people successfully manage it.",
parkinson's disease,What is parkinson's disease?,"parkinson's disease is a medical condition characterized by tremors,slow movement,stiffness,difficulty with balance,coordination . It can result from various factors like infections, genetic predisposition, or lifestyle habits. Early diagnosis and treatment can help manage it effectively.",
parkinson's disease,What causes parkinson's disease?,"The causes of parkinson's disease vary but often include factors like infections, environmental exposure, genetic mutations, and poor lifestyle habits. A neurologist  can help identify the specific cause in your case.",
parkinson's disease,What are the symptoms of parkinson's disease?,"Common symptoms of parkinson's disease include tremors,slow movement,stiffness,difficulty with balance,coordination . If you experience these symptoms, it is advisable to consult a neurologist  for proper evaluation.",
parkinson's disease,How is parkinson's disease diagnosed?,"parkinson's disease is diagnosed using methods such as physical examinations, blood tests, imaging scans, and laboratory tests. A neurologist  will determine the best approach based on your symptoms.",
parkinson's disease,What treatments are available for parkinson's disease?,"Treatment for parkinson's disease typically includes  medication,lifestyle changes, along with lifestyle modifications and medications. Consultation with a neurologist  is essential for proper treatment guidance.",
parkinson's disease,Which doctor should I consult for parkinson's disease?,"If you have parkinson's disease, you should consult a neurologist , who specializes in diagnosing and treating this condition.",
parkinson's disease,What foods should I eat or avoid if I have parkinson's disease?,"A recommended diet for parkinson's disease includes nutrient-rich foods like leafy greens, lean proteins, and whole grains. Avoid processed foods, high sugar, and excessive salt.",
parkinson's disease,How can I prevent parkinson's disease?,"Preventing parkinson's disease involves maintaining a healthy lifestyle, regular exercise, proper diet, and avoiding risk factors such as smoking or alcohol consumption.",
parkinson's disease,When should I seek medical help for parkinson's disease?,"Seek medical help if you experience persistent or worsening symptoms of parkinson's disease, such as tremors,slow movement,stiffness,difficulty with balance,coordination . Early intervention can prevent complications.",
parkinson's disease,Are there any home remedies for parkinson's disease?,"Some home remedies for parkinson's disease include staying hydrated, consuming anti-inflammatory foods, and getting enough rest. However, professional medical advice is recommended.",
parkinson's disease,Can parkinson's disease be cured completely?,"Some cases of parkinson's disease can be cured completely with early detection and proper treatment, while others require lifelong management. A neurologist  can guide you based on your condition.",
parkinson's disease,Is parkinson's disease contagious?,"Whether parkinson's disease is contagious depends on its cause. If it's due to a viral or bacterial infection, it may spread through close contact. Consult a neurologist  for more details.",
parkinson's disease,How does parkinson's disease affect daily life?,"parkinson's disease can impact daily activities by causing discomfort, fatigue, or limiting mobility. With proper treatment and lifestyle adjustments, many people successfully manage it.",
peptic ulcer disease ,What is peptic ulcer disease ?,"peptic ulcer disease  is a medical condition characterized by pain in the upper abdomen,indigestion,nausea,vomiting. It can result from various factors like infections, genetic predisposition, or lifestyle habits. Early diagnosis and treatment can help manage it effectively.",
peptic ulcer disease ,What causes peptic ulcer disease ?,"The causes of peptic ulcer disease  vary but often include factors like infections, environmental exposure, genetic mutations, and poor lifestyle habits. A gastroenterologist can help identify the specific cause in your case.",
peptic ulcer disease ,What are the symptoms of peptic ulcer disease ?,"Common symptoms of peptic ulcer disease  include pain in the upper abdomen,indigestion,nausea,vomiting. If you experience these symptoms, it is advisable to consult a gastroenterologist for proper evaluation.",
peptic ulcer disease ,How is peptic ulcer disease  diagnosed?,"peptic ulcer disease  is diagnosed using methods such as physical examinations, blood tests, imaging scans, and laboratory tests. A gastroenterologist will determine the best approach based on your symptoms.",
peptic ulcer disease ,What treatments are available for peptic ulcer disease ?,"Treatment for peptic ulcer disease  typically includes medication,lifestyle changes,surgery , along with lifestyle modifications and medications. Consultation with a gastroenterologist is essential for proper treatment guidance.",
peptic ulcer disease ,Which doctor should I consult for peptic ulcer disease ?,"If you have peptic ulcer disease , you should consult a gastroenterologist, who specializes in diagnosing and treating this condition.",
peptic ulcer disease ,What foods should I eat or avoid if I have peptic ulcer disease ?,"A recommended diet for peptic ulcer disease  includes nutrient-rich foods like leafy greens, lean proteins, and whole grains. Avoid processed foods, high sugar, and excessive salt.",
peptic ulcer disease ,How can I prevent peptic ulcer disease ?,"Preventing peptic ulcer disease  involves maintaining a healthy lifestyle, regular exercise, proper diet, and avoiding risk factors such as smoking or alcohol consumption.",
peptic ulcer disease ,When should I seek medical help for peptic ulcer disease ?,"Seek medical help if you experience persistent or worsening symptoms of peptic ulcer disease , such as pain in the upper abdomen,indigestion,nausea,vomiting. Early intervention can prevent complications.",
peptic ulcer disease ,Are there any home remedies for peptic ulcer disease ?,"Some home remedies for peptic ulcer disease  include staying hydrated, consuming anti-inflammatory foods, and getting enough rest. However, professional medical advice is recommended.",
peptic ulcer disease ,Can peptic ulcer disease  be cured completely?,"Some cases of peptic ulcer disease  can be cured completely with early detection and proper treatment, while others require lifelong management. A gastroenterologist can guide you based on your condition.",
peptic ulcer disease ,Is peptic ulcer disease  contagious?,"Whether peptic ulcer disease  is contagious depends on its cause. If it's due to a viral or bacterial infection, it may spread through close contact. Consult a gastroenterologist for more details.",
peptic ulcer disease ,How does peptic ulcer disease  affect daily life?,"peptic ulcer disease  can impact daily activities by causing discomfort, fatigue, or limiting mobility. With proper treatment and lifestyle adjustments, many people successfully manage it.",
peripheral artery disease,What is peripheral artery disease?,"peripheral artery disease is a medical condition characterized by pain,numbness,tingling in the arms or legs. It can result from various factors like infections, genetic predisposition, or lifestyle habits. Early diagnosis and treatment can help manage it effectively.",
peripheral artery disease,What causes peripheral artery disease?,"The causes of peripheral artery disease vary but often include factors like infections, environmental exposure, genetic mutations, and poor lifestyle habits. A vascular surgeon can help identify the specific cause in your case.",
peripheral artery disease,What are the symptoms of peripheral artery disease?,"Common symptoms of peripheral artery disease include pain,numbness,tingling in the arms or legs. If you experience these symptoms, it is advisable to consult a vascular surgeon for proper evaluation.",
peripheral artery disease,How is peripheral artery disease diagnosed?,"peripheral artery disease is diagnosed using methods such as physical examinations, blood tests, imaging scans, and laboratory tests. A vascular surgeon will determine the best approach based on your symptoms.",
peripheral artery disease,What treatments are available for peripheral artery disease?,"Treatment for peripheral artery disease typically includes medication,lifestyle changes,surgery, along with lifestyle modifications and medications. Consultation with a vascular surgeon is essential for proper treatment guidance.",
peripheral artery disease,Which doctor should I consult for peripheral artery disease?,"If you have peripheral artery disease, you should consult a vascular surgeon, who specializes in diagnosing and treating this condition.",
peripheral artery disease,What foods should I eat or avoid if I have peripheral artery disease?,"A recommended diet for peripheral artery disease includes nutrient-rich foods like leafy greens, lean proteins, and whole grains. Avoid processed foods, high sugar, and excessive salt.",
peripheral artery disease,How can I prevent peripheral artery disease?,"Preventing peripheral artery disease involves maintaining a healthy lifestyle, regular exercise, proper diet, and avoiding risk factors such as smoking or alcohol consumption.",
peripheral artery disease,When should I seek medical help for peripheral artery disease?,"Seek medical help if you experience persistent or worsening symptoms of peripheral artery disease, such as pain,numbness,tingling in the arms or legs. Early intervention can prevent complications.",
peripheral artery disease,Are there any home remedies for peripheral artery disease?,"Some home remedies for peripheral artery disease include staying hydrated, consuming anti-inflammatory foods, and getting enough rest. However, professional medical advice is recommended.",
peripheral artery disease,Can peripheral artery disease be cured completely?,"Some cases of peripheral artery disease can be cured completely with early detection and proper treatment, while others require lifelong management. A vascular surgeon can guide you based on your condition.",
peripheral artery disease,Is peripheral artery disease contagious?,"Whether peripheral artery disease is contagious depends on its cause. If it's due to a viral or bacterial infection, it may spread through close contact. Consult a vascular surgeon for more details.",
peripheral artery disease,How does peripheral artery disease affect daily life?,"peripheral artery disease can impact daily activities by causing discomfort, fatigue, or limiting mobility. With proper treatment and lifestyle adjustments, many people successfully manage it.",
pneumonia,What is pneumonia?,"pneumonia is a medical condition characterized by fever,cough,shortness of breath,chest pain,fatigue. It can result from various factors like infections, genetic predisposition, or lifestyle habits. Early diagnosis and treatment can help manage it effectively.",
pneumonia,What causes pneumonia?,"The causes of pneumonia vary but often include factors like infections, environmental exposure, genetic mutations, and poor lifestyle habits. A family doctor,pulmonologist can help identify the specific cause in your case.",
pneumonia,What are the symptoms of pneumonia?,"Common symptoms of pneumonia include fever,cough,shortness of breath,chest pain,fatigue. If you experience these symptoms, it is advisable to consult a family doctor,pulmonologist for proper evaluation.",
pneumonia,How is pneumonia diagnosed?,"pneumonia is diagnosed using methods such as physical examinations, blood tests, imaging scans, and laboratory tests. A family doctor,pulmonologist will determine the best approach based on your symptoms.",
pneumonia,What treatments are available for pneumonia?,"Treatment for pneumonia typically includes antibiotics, along with lifestyle modifications and medications. Consultation with a family doctor,pulmonologist is essential for proper treatment guidance.",
pneumonia,Which doctor should I consult for pneumonia?,"If you have pneumonia, you should consult a family doctor,pulmonologist, who specializes in diagnosing and treating this condition.",
pneumonia,What foods should I eat or avoid if I have pneumonia?,"A recommended diet for pneumonia includes nutrient-rich foods like leafy greens, lean proteins, and whole grains. Avoid processed foods, high sugar, and excessive salt.",
pneumonia,How can I prevent pneumonia?,"Preventing pneumonia involves maintaining a healthy lifestyle, regular exercise, proper diet, and avoiding risk factors such as smoking or alcohol consumption.",
pneumonia,When should I seek medical help for pneumonia?,"Seek medical help if you experience persistent or worsening symptoms of pneumonia, such as fever,cough,shortness of breath,chest pain,fatigue. Early intervention can prevent complications.",
pneumonia,Are there any home remedies for pneumonia?,"Some home remedies for pneumonia include staying hydrated, consuming anti-inflammatory foods, and getting enough rest. However, professional medical advice is recommended.",
pneumonia,Can pneumonia be cured completely?,"Some cases of pneumonia can be cured completely with early detection and proper treatment, while others require lifelong management. A family doctor,pulmonologist can guide you based on your condition.",
pneumonia,Is pneumonia contagious?,"Whether pneumonia is contagious depends on its cause. If it's due to a viral or bacterial infection, it may spread through close contact. Consult a family doctor,pulmonologist for more details.",
pneumonia,How does pneumonia affect daily life?,"pneumonia can impact daily activities by causing discomfort, fatigue, or limiting mobility. With proper treatment and lifestyle adjustments, many people successfully manage it.",
prostate cancer,What is prostate cancer?,"prostate cancer is a medical condition characterized by difficulty urinating,blood in the urine,pain in the back or hips,erectile dysfunction. It can result from various factors like infections, genetic predisposition, or lifestyle habits. Early diagnosis and treatment can help manage it effectively.",
prostate cancer,What causes prostate cancer?,"The causes of prostate cancer vary but often include factors like infections, environmental exposure, genetic mutations, and poor lifestyle habits. A urologist can help identify the specific cause in your case.",
prostate cancer,What are the symptoms of prostate cancer?,"Common symptoms of prostate cancer include difficulty urinating,blood in the urine,pain in the back or hips,erectile dysfunction. If you experience these symptoms, it is advisable to consult a urologist for proper evaluation.",
prostate cancer,How is prostate cancer diagnosed?,"prostate cancer is diagnosed using methods such as physical examinations, blood tests, imaging scans, and laboratory tests. A urologist will determine the best approach based on your symptoms.",
prostate cancer,What treatments are available for prostate cancer?,"Treatment for prostate cancer typically includes  surgery,radiation therapy,hormone therapy, along with lifestyle modifications and medications. Consultation with a urologist is essential for proper treatment guidance.",
prostate cancer,Which doctor should I consult for prostate cancer?,"If you have prostate cancer, you should consult a urologist, who specializes in diagnosing and treating this condition.",
prostate cancer,What foods should I eat or avoid if I have prostate cancer?,"A recommended diet for prostate cancer includes nutrient-rich foods like leafy greens, lean proteins, and whole grains. Avoid processed foods, high sugar, and excessive salt.",
prostate cancer,How can I prevent prostate cancer?,"Preventing prostate cancer involves maintaining a healthy lifestyle, regular exercise, proper diet, and avoiding risk factors such as smoking or alcohol consumption.",
prostate cancer,When should I seek medical help for prostate cancer?,"Seek medical help if you experience persistent or worsening symptoms of prostate cancer, such as difficulty urinating,blood in the urine,pain in the back or hips,erectile dysfunction. Early intervention can prevent complications.",
prostate cancer,Are there any home remedies for prostate cancer?,"Some home remedies for prostate cancer include staying hydrated, consuming anti-inflammatory foods, and getting enough rest. However, professional medical advice is recommended.",
prostate cancer,Can prostate cancer be cured completely?,"Some cases of prostate cancer can be cured completely with early detection and proper treatment, while others require lifelong management. A urologist can guide you based on your condition.",
prostate cancer,Is prostate cancer contagious?,"Whether prostate cancer is contagious depends on its cause. If it's due to a viral or bacterial infection, it may spread through close contact. Consult a urologist for more details.",
prostate cancer,How does prostate cancer affect daily life?,"prostate cancer can impact daily activities by causing discomfort, fatigue, or limiting mobility. With proper treatment and lifestyle adjustments, many people successfully manage it.",
rheumatoid arthritis,What is rheumatoid arthritis?,"rheumatoid arthritis is a medical condition characterized by pain,swelling,stiffness in the joints. It can result from various factors like infections, genetic predisposition, or lifestyle habits. Early diagnosis and treatment can help manage it effectively.",
rheumatoid arthritis,What causes rheumatoid arthritis?,"The causes of rheumatoid arthritis vary but often include factors like infections, environmental exposure, genetic mutations, and poor lifestyle habits. A rheumatologist can help identify the specific cause in your case.",
rheumatoid arthritis,What are the symptoms of rheumatoid arthritis?,"Common symptoms of rheumatoid arthritis include pain,swelling,stiffness in the joints. If you experience these symptoms, it is advisable to consult a rheumatologist for proper evaluation.",
rheumatoid arthritis,How is rheumatoid arthritis diagnosed?,"rheumatoid arthritis is diagnosed using methods such as physical examinations, blood tests, imaging scans, and laboratory tests. A rheumatologist will determine the best approach based on your symptoms.",
rheumatoid arthritis,What treatments are available for rheumatoid arthritis?,"Treatment for rheumatoid arthritis typically includes medication,lifestyle changes, along with lifestyle modifications and medications. Consultation with a rheumatologist is essential for proper treatment guidance.",
rheumatoid arthritis,Which doctor should I consult for rheumatoid arthritis?,"If you have rheumatoid arthritis, you should consult a rheumatologist, who specializes in diagnosing and treating this condition.",
rheumatoid arthritis,What foods should I eat or avoid if I have rheumatoid arthritis?,"A recommended diet for rheumatoid arthritis includes nutrient-rich foods like leafy greens, lean proteins, and whole grains. Avoid processed foods, high sugar, and excessive salt.",
rheumatoid arthritis,How can I prevent rheumatoid arthritis?,"Preventing rheumatoid arthritis involves maintaining a healthy lifestyle, regular exercise, proper diet, and avoiding risk factors such as smoking or alcohol consumption.",
rheumatoid arthritis,When should I seek medical help for rheumatoid arthritis?,"Seek medical help if you experience persistent or worsening symptoms of rheumatoid arthritis, such as pain,swelling,stiffness in the joints. Early intervention can prevent complications.",
rheumatoid arthritis,Are there any home remedies for rheumatoid arthritis?,"Some home remedies for rheumatoid arthritis include staying hydrated, consuming anti-inflammatory foods, and getting enough rest. However, professional medical advice is recommended.",
rheumatoid arthritis,Can rheumatoid arthritis be cured completely?,"Some cases of rheumatoid arthritis can be cured completely with early detection and proper treatment, while others require lifelong management. A rheumatologist can guide you based on your condition.",
rheumatoid arthritis,Is rheumatoid arthritis contagious?,"Whether rheumatoid arthritis is contagious depends on its cause. If it's due to a viral or bacterial infection, it may spread through close contact. Consult a rheumatologist for more details.",
rheumatoid arthritis,How does rheumatoid arthritis affect daily life?,"rheumatoid arthritis can impact daily activities by causing discomfort, fatigue, or limiting mobility. With proper treatment and lifestyle adjustments, many people successfully manage it.",
stroke,What is stroke?,"stroke is a medical condition characterized by sudden weakness,numbness on one side of the body,difficulty speaking,confusion,trouble seeing in one eye,severe headache. It can result from various factors like infections, genetic predisposition, or lifestyle habits. Early diagnosis and treatment can help manage it effectively.",
stroke,What causes stroke?,"The causes of stroke vary but often include factors like infections, environmental exposure, genetic mutations, and poor lifestyle habits. A neurologist,neurosurgeon can help identify the specific cause in your case.",
stroke,What are the symptoms of stroke?,"Common symptoms of stroke include sudden weakness,numbness on one side of the body,difficulty speaking,confusion,trouble seeing in one eye,severe headache. If you experience these symptoms, it is advisable to consult a neurologist,neurosurgeon for proper evaluation.",
stroke,How is stroke diagnosed?,"stroke is diagnosed using methods such as physical examinations, blood tests, imaging scans, and laboratory tests. A neurologist,neurosurgeon will determine the best approach based on your symptoms.",
stroke,What treatments are available for stroke?,"Treatment for stroke typically includes treatment for the underlying cause,such as clot-busting medication,surgery, along with lifestyle modifications and medications. Consultation with a neurologist,neurosurgeon is essential for proper treatment guidance.",
stroke,Which doctor should I consult for stroke?,"If you have stroke, you should consult a neurologist,neurosurgeon, who specializes in diagnosing and treating this condition.",
stroke,What foods should I eat or avoid if I have stroke?,"A recommended diet for stroke includes nutrient-rich foods like leafy greens, lean proteins, and whole grains. Avoid processed foods, high sugar, and excessive salt.",
stroke,How can I prevent stroke?,"Preventing stroke involves maintaining a healthy lifestyle, regular exercise, proper diet, and avoiding risk factors such as smoking or alcohol consumption.",
stroke,When should I seek medical help for stroke?,"Seek medical help if you experience persistent or worsening symptoms of stroke, such as sudden weakness,numbness on one side of the body,difficulty speaking,confusion,trouble seeing in one eye,severe headache. Early intervention can prevent complications.",
stroke,Are there any home remedies for stroke?,"Some home remedies for stroke include staying hydrated, consuming anti-inflammatory foods, and getting enough rest. However, professional medical advice is recommended.",
stroke,Can stroke be cured completely?,"Some cases of stroke can be cured completely with early detection and proper treatment, while others require lifelong management. A neurologist,neurosurgeon can guide you based on your condition.",
stroke,Is stroke contagious?,"Whether stroke is contagious depends on its cause. If it's due to a viral or bacterial infection, it may spread through close contact. Consult a neurologist,neurosurgeon for more details.",
stroke,How does stroke affect daily life?,"stroke can impact daily activities by causing discomfort, fatigue, or limiting mobility. With proper treatment and lifestyle adjustments, many people successfully manage it.",
stomach cancer,What is stomach cancer?,"stomach cancer is a medical condition characterized by pain in the upper abdomen,indigestion,nausea,vomiting,weight loss. It can result from various factors like infections, genetic predisposition, or lifestyle habits. Early diagnosis and treatment can help manage it effectively.",
stomach cancer,What causes stomach cancer?,"The causes of stomach cancer vary but often include factors like infections, environmental exposure, genetic mutations, and poor lifestyle habits. A gastroenterologist  can help identify the specific cause in your case.",
stomach cancer,What are the symptoms of stomach cancer?,"Common symptoms of stomach cancer include pain in the upper abdomen,indigestion,nausea,vomiting,weight loss. If you experience these symptoms, it is advisable to consult a gastroenterologist  for proper evaluation.",
stomach cancer,How is stomach cancer diagnosed?,"stomach cancer is diagnosed using methods such as physical examinations, blood tests, imaging scans, and laboratory tests. A gastroenterologist  will determine the best approach based on your symptoms.",
stomach cancer,What treatments are available for stomach cancer?,"Treatment for stomach cancer typically includes surgery,chemotherapy,radiation therapy, along with lifestyle modifications and medications. Consultation with a gastroenterologist  is essential for proper treatment guidance.",
stomach cancer,Which doctor should I consult for stomach cancer?,"If you have stomach cancer, you should consult a gastroenterologist , who specializes in diagnosing and treating this condition.",
stomach cancer,What foods should I eat or avoid if I have stomach cancer?,"A recommended diet for stomach cancer includes nutrient-rich foods like leafy greens, lean proteins, and whole grains. Avoid processed foods, high sugar, and excessive salt.",
stomach cancer,How can I prevent stomach cancer?,"Preventing stomach cancer involves maintaining a healthy lifestyle, regular exercise, proper diet, and avoiding risk factors such as smoking or alcohol consumption.",
stomach cancer,When should I seek medical help for stomach cancer?,"Seek medical help if you experience persistent or worsening symptoms of stomach cancer, such as pain in the upper abdomen,indigestion,nausea,vomiting,weight loss. Early intervention can prevent complications.",
stomach cancer,Are there any home remedies for stomach cancer?,"Some home remedies for stomach cancer include staying hydrated, consuming anti-inflammatory foods, and getting enough rest. However, professional medical advice is recommended.",
stomach cancer,Can stomach cancer be cured completely?,"Some cases of stomach cancer can be cured completely with early detection and proper treatment, while others require lifelong management. A gastroenterologist  can guide you based on your condition.",
stomach cancer,Is stomach cancer contagious?,"Whether stomach cancer is contagious depends on its cause. If it's due to a viral or bacterial infection, it may spread through close contact. Consult a gastroenterologist  for more details.",
stomach cancer,How does stomach cancer affect daily life?,"stomach cancer can impact daily activities by causing discomfort, fatigue, or limiting mobility. With proper treatment and lifestyle adjustments, many people successfully manage it.",
thyroid cancer,What is thyroid cancer?,"thyroid cancer is a medical condition characterized by lump in the neck,hoarseness,fatigue,weight loss,unexplained heat intolerance,sensitivity to cold. It can result from various factors like infections, genetic predisposition, or lifestyle habits. Early diagnosis and treatment can help manage it effectively.",
thyroid cancer,What causes thyroid cancer?,"The causes of thyroid cancer vary but often include factors like infections, environmental exposure, genetic mutations, and poor lifestyle habits. A endocrinologist can help identify the specific cause in your case.",
thyroid cancer,What are the symptoms of thyroid cancer?,"Common symptoms of thyroid cancer include lump in the neck,hoarseness,fatigue,weight loss,unexplained heat intolerance,sensitivity to cold. If you experience these symptoms, it is advisable to consult a endocrinologist for proper evaluation.",
thyroid cancer,How is thyroid cancer diagnosed?,"thyroid cancer is diagnosed using methods such as physical examinations, blood tests, imaging scans, and laboratory tests. A endocrinologist will determine the best approach based on your symptoms.",
thyroid cancer,What treatments are available for thyroid cancer?,"Treatment for thyroid cancer typically includes surgery,radiation therapy,hormone therapy, along with lifestyle modifications and medications. Consultation with a endocrinologist is essential for proper treatment guidance.",
thyroid cancer,Which doctor should I consult for thyroid cancer?,"If you have thyroid cancer, you should consult a endocrinologist, who specializes in diagnosing and treating this condition.",
thyroid cancer,What foods should I eat or avoid if I have thyroid cancer?,"A recommended diet for thyroid cancer includes nutrient-rich foods like leafy greens, lean proteins, and whole grains. Avoid processed foods, high sugar, and excessive salt.",
thyroid cancer,How can I prevent thyroid cancer?,"Preventing thyroid cancer involves maintaining a healthy lifestyle, regular exercise, proper diet, and avoiding risk factors such as smoking or alcohol consumption.",
thyroid cancer,When should I seek medical help for thyroid cancer?,"Seek medical help if you experience persistent or worsening symptoms of thyroid cancer, such as lump in the neck,hoarseness,fatigue,weight loss,unexplained heat intolerance,sensitivity to cold. Early intervention can prevent complications.",
thyroid cancer,Are there any home remedies for thyroid cancer?,"Some home remedies for thyroid cancer include staying hydrated, consuming anti-inflammatory foods, and getting enough rest. However, professional medical advice is recommended.",
thyroid cancer,Can thyroid cancer be cured completely?,"Some cases of thyroid cancer can be cured completely with early detection and proper treatment, while others require lifelong management. A endocrinologist can guide you based on your condition.",
thyroid cancer,Is thyroid cancer contagious?,"Whether thyroid cancer is contagious depends on its cause. If it's due to a viral or bacterial infection, it may spread through close contact. Consult a endocrinologist for more details.",
thyroid cancer,How does thyroid cancer affect daily life?,"thyroid cancer can impact daily activities by causing discomfort, fatigue, or limiting mobility. With proper treatment and lifestyle adjustments, many people successfully manage it.",
ulcerative colitis,What is ulcerative colitis?,"ulcerative colitis is a medical condition characterized by diarrhea,bloody stool,abdominal pain,weight loss. It can result from various factors like infections, genetic predisposition, or lifestyle habits. Early diagnosis and treatment can help manage it effectively.",
ulcerative colitis,What causes ulcerative colitis?,"The causes of ulcerative colitis vary but often include factors like infections, environmental exposure, genetic mutations, and poor lifestyle habits. A gastroenterologist  can help identify the specific cause in your case.",
ulcerative colitis,What are the symptoms of ulcerative colitis?,"Common symptoms of ulcerative colitis include diarrhea,bloody stool,abdominal pain,weight loss. If you experience these symptoms, it is advisable to consult a gastroenterologist  for proper evaluation.",
ulcerative colitis,How is ulcerative colitis diagnosed?,"ulcerative colitis is diagnosed using methods such as physical examinations, blood tests, imaging scans, and laboratory tests. A gastroenterologist  will determine the best approach based on your symptoms.",
ulcerative colitis,What treatments are available for ulcerative colitis?,"Treatment for ulcerative colitis typically includes medication,surgery, along with lifestyle modifications and medications. Consultation with a gastroenterologist  is essential for proper treatment guidance.",
ulcerative colitis,Which doctor should I consult for ulcerative colitis?,"If you have ulcerative colitis, you should consult a gastroenterologist , who specializes in diagnosing and treating this condition.",
ulcerative colitis,What foods should I eat or avoid if I have ulcerative colitis?,"A recommended diet for ulcerative colitis includes nutrient-rich foods like leafy greens, lean proteins, and whole grains. Avoid processed foods, high sugar, and excessive salt.",
ulcerative colitis,How can I prevent ulcerative colitis?,"Preventing ulcerative colitis involves maintaining a healthy lifestyle, regular exercise, proper diet, and avoiding risk factors such as smoking or alcohol consumption.",
ulcerative colitis,When should I seek medical help for ulcerative colitis?,"Seek medical help if you experience persistent or worsening symptoms of ulcerative colitis, such as diarrhea,bloody stool,abdominal pain,weight loss. Early intervention can prevent complications.",
ulcerative colitis,Are there any home remedies for ulcerative colitis?,"Some home remedies for ulcerative colitis include staying hydrated, consuming anti-inflammatory foods, and getting enough rest. However, professional medical advice is recommended.",
ulcerative colitis,Can ulcerative colitis be cured completely?,"Some cases of ulcerative colitis can be cured completely with early detection and proper treatment, while others require lifelong management. A gastroenterologist  can guide you based on your condition.",
ulcerative colitis,Is ulcerative colitis contagious?,"Whether ulcerative colitis is contagious depends on its cause. If it's due to a viral or bacterial infection, it may spread through close contact. Consult a gastroenterologist  for more details.",
ulcerative colitis,How does ulcerative colitis affect daily life?,"ulcerative colitis can impact daily activities by causing discomfort, fatigue, or limiting mobility. With proper treatment and lifestyle adjustments, many people successfully manage it.",
warts,What is warts?,"warts is a medical condition characterized by raised,rough growths on the skin. It can result from various factors like infections, genetic predisposition, or lifestyle habits. Early diagnosis and treatment can help manage it effectively.",
warts,What causes warts?,"The causes of warts vary but often include factors like infections, environmental exposure, genetic mutations, and poor lifestyle habits. A  dermatologist can help identify the specific cause in your case.",
warts,What are the symptoms of warts?,"Common symptoms of warts include raised,rough growths on the skin. If you experience these symptoms, it is advisable to consult a  dermatologist for proper evaluation.",
warts,How is warts diagnosed?,"warts is diagnosed using methods such as physical examinations, blood tests, imaging scans, and laboratory tests. A  dermatologist will determine the best approach based on your symptoms.",
warts,What treatments are available for warts?,"Treatment for warts typically includes over-the-counter medications,prescription medications,cryotherapy,laser therapy, along with lifestyle modifications and medications. Consultation with a  dermatologist is essential for proper treatment guidance.",
warts,Which doctor should I consult for warts?,"If you have warts, you should consult a  dermatologist, who specializes in diagnosing and treating this condition.",
warts,What foods should I eat or avoid if I have warts?,"A recommended diet for warts includes nutrient-rich foods like leafy greens, lean proteins, and whole grains. Avoid processed foods, high sugar, and excessive salt.",
warts,How can I prevent warts?,"Preventing warts involves maintaining a healthy lifestyle, regular exercise, proper diet, and avoiding risk factors such as smoking or alcohol consumption.",
warts,When should I seek medical help for warts?,"Seek medical help if you experience persistent or worsening symptoms of warts, such as raised,rough growths on the skin. Early intervention can prevent complications.",
warts,Are there any home remedies for warts?,"Some home remedies for warts include staying hydrated, consuming anti-inflammatory foods, and getting enough rest. However, professional medical advice is recommended.",
warts,Can warts be cured completely?,"Some cases of warts can be cured completely with early detection and proper treatment, while others require lifelong management. A  dermatologist can guide you based on your condition.",
warts,Is warts contagious?,"Whether warts is contagious depends on its cause. If it's due to a viral or bacterial infection, it may spread through close contact. Consult a  dermatologist for more details.",
warts,How does warts affect daily life?,"warts can impact daily activities by causing discomfort, fatigue, or limiting mobility. With proper treatment and lifestyle adjustments, many people successfully manage it.",
atopic dermatitis,What is atopic dermatitis?,"atopic dermatitis is a medical condition characterized by itchy,red,inflamed skin. It can result from various factors like infections, genetic predisposition, or lifestyle habits. Early diagnosis and treatment can help manage it effectively.",
atopic dermatitis,What causes atopic dermatitis?,"The causes of atopic dermatitis vary but often include factors like infections, environmental exposure, genetic mutations, and poor lifestyle habits. A  dermatologist can help identify the specific cause in your case.",
atopic dermatitis,What are the symptoms of atopic dermatitis?,"Common symptoms of atopic dermatitis include itchy,red,inflamed skin. If you experience these symptoms, it is advisable to consult a  dermatologist for proper evaluation.",
atopic dermatitis,How is atopic dermatitis diagnosed?,"atopic dermatitis is diagnosed using methods such as physical examinations, blood tests, imaging scans, and laboratory tests. A  dermatologist will determine the best approach based on your symptoms.",
atopic dermatitis,What treatments are available for atopic dermatitis?,"Treatment for atopic dermatitis typically includes medication,lifestyle changes, along with lifestyle modifications and medications. Consultation with a  dermatologist is essential for proper treatment guidance.",
atopic dermatitis,Which doctor should I consult for atopic dermatitis?,"If you have atopic dermatitis, you should consult a  dermatologist, who specializes in diagnosing and treating this condition.",
atopic dermatitis,What foods should I eat or avoid if I have atopic dermatitis?,"A recommended diet for atopic dermatitis includes nutrient-rich foods like leafy greens, lean proteins, and whole grains. Avoid processed foods, high sugar, and excessive salt.",
atopic dermatitis,How can I prevent atopic dermatitis?,"Preventing atopic dermatitis involves maintaining a healthy lifestyle, regular exercise, proper diet, and avoiding risk factors such as smoking or alcohol consumption.",
atopic dermatitis,When should I seek medical help for atopic dermatitis?,"Seek medical help if you experience persistent or worsening symptoms of atopic dermatitis, such as itchy,red,inflamed skin. Early intervention can prevent complications.",
atopic dermatitis,Are there any home remedies for atopic dermatitis?,"Some home remedies for atopic dermatitis include staying hydrated, consuming anti-inflammatory foods, and getting enough rest. However, professional medical advice is recommended.",
atopic dermatitis,Can atopic dermatitis be cured completely?,"Some cases of atopic dermatitis can be cured completely with early detection and proper treatment, while others require lifelong management. A  dermatologist can guide you based on your condition.",
atopic dermatitis,Is atopic dermatitis contagious?,"Whether atopic dermatitis is contagious depends on its cause. If it's due to a viral or bacterial infection, it may spread through close contact. Consult a  dermatologist for more details.",
atopic dermatitis,How does atopic dermatitis affect daily life?,"atopic dermatitis can impact daily activities by causing discomfort, fatigue, or limiting mobility. With proper treatment and lifestyle adjustments, many people successfully manage it.",
celiac disease,What is celiac disease?,"celiac disease is a medical condition characterized by diarrhea,bloating,weight loss,fatigue,abdominal pain. It can result from various factors like infections, genetic predisposition, or lifestyle habits. Early diagnosis and treatment can help manage it effectively.",
celiac disease,What causes celiac disease?,"The causes of celiac disease vary but often include factors like infections, environmental exposure, genetic mutations, and poor lifestyle habits. A gastroenterologist can help identify the specific cause in your case.",
celiac disease,What are the symptoms of celiac disease?,"Common symptoms of celiac disease include diarrhea,bloating,weight loss,fatigue,abdominal pain. If you experience these symptoms, it is advisable to consult a gastroenterologist for proper evaluation.",
celiac disease,How is celiac disease diagnosed?,"celiac disease is diagnosed using methods such as physical examinations, blood tests, imaging scans, and laboratory tests. A gastroenterologist will determine the best approach based on your symptoms.",
celiac disease,What treatments are available for celiac disease?,"Treatment for celiac disease typically includes gluten-free diet, along with lifestyle modifications and medications. Consultation with a gastroenterologist is essential for proper treatment guidance.",
celiac disease,Which doctor should I consult for celiac disease?,"If you have celiac disease, you should consult a gastroenterologist, who specializes in diagnosing and treating this condition.",
celiac disease,What foods should I eat or avoid if I have celiac disease?,"A recommended diet for celiac disease includes nutrient-rich foods like leafy greens, lean proteins, and whole grains. Avoid processed foods, high sugar, and excessive salt.",
celiac disease,How can I prevent celiac disease?,"Preventing celiac disease involves maintaining a healthy lifestyle, regular exercise, proper diet, and avoiding risk factors such as smoking or alcohol consumption.",
celiac disease,When should I seek medical help for celiac disease?,"Seek medical help if you experience persistent or worsening symptoms of celiac disease, such as diarrhea,bloating,weight loss,fatigue,abdominal pain. Early intervention can prevent complications.",
celiac disease,Are there any home remedies for celiac disease?,"Some home remedies for celiac disease include staying hydrated, consuming anti-inflammatory foods, and getting enough rest. However, professional medical advice is recommended.",
celiac disease,Can celiac disease be cured completely?,"Some cases of celiac disease can be cured completely with early detection and proper treatment, while others require lifelong management. A gastroenterologist can guide you based on your condition.",
celiac disease,Is celiac disease contagious?,"Whether celiac disease is contagious depends on its cause. If it's due to a viral or bacterial infection, it may spread through close contact. Consult a gastroenterologist for more details.",
celiac disease,How does celiac disease affect daily life?,"celiac disease can impact daily activities by causing discomfort, fatigue, or limiting mobility. With proper treatment and lifestyle adjustments, many people successfully manage it.",
chronic kidney disease,What is chronic kidney disease?,"chronic kidney disease is a medical condition characterized by fatigue,shortness of breath,swelling,high blood pressure,changes in urination. It can result from various factors like infections, genetic predisposition, or lifestyle habits. Early diagnosis and treatment can help manage it effectively.",
chronic kidney disease,What causes chronic kidney disease?,"The causes of chronic kidney disease vary but often include factors like infections, environmental exposure, genetic mutations, and poor lifestyle habits. A nephrologist can help identify the specific cause in your case.",
chronic kidney disease,What are the symptoms of chronic kidney disease?,"Common symptoms of chronic kidney disease include fatigue,shortness of breath,swelling,high blood pressure,changes in urination. If you experience these symptoms, it is advisable to consult a nephrologist for proper evaluation.",
chronic kidney disease,How is chronic kidney disease diagnosed?,"chronic kidney disease is diagnosed using methods such as physical examinations, blood tests, imaging scans, and laboratory tests. A nephrologist will determine the best approach based on your symptoms.",
chronic kidney disease,What treatments are available for chronic kidney disease?,"Treatment for chronic kidney disease typically includes treatment for the underlying cause,such as high blood pressure,diabetes,an infection, along with lifestyle modifications and medications. Consultation with a nephrologist is essential for proper treatment guidance.",
chronic kidney disease,Which doctor should I consult for chronic kidney disease?,"If you have chronic kidney disease, you should consult a nephrologist, who specializes in diagnosing and treating this condition.",
chronic kidney disease,What foods should I eat or avoid if I have chronic kidney disease?,"A recommended diet for chronic kidney disease includes nutrient-rich foods like leafy greens, lean proteins, and whole grains. Avoid processed foods, high sugar, and excessive salt.",
chronic kidney disease,How can I prevent chronic kidney disease?,"Preventing chronic kidney disease involves maintaining a healthy lifestyle, regular exercise, proper diet, and avoiding risk factors such as smoking or alcohol consumption.",
chronic kidney disease,When should I seek medical help for chronic kidney disease?,"Seek medical help if you experience persistent or worsening symptoms of chronic kidney disease, such as fatigue,shortness of breath,swelling,high blood pressure,changes in urination. Early intervention can prevent complications.",
chronic kidney disease,Are there any home remedies for chronic kidney disease?,"Some home remedies for chronic kidney disease include staying hydrated, consuming anti-inflammatory foods, and getting enough rest. However, professional medical advice is recommended.",
chronic kidney disease,Can chronic kidney disease be cured completely?,"Some cases of chronic kidney disease can be cured completely with early detection and proper treatment, while others require lifelong management. A nephrologist can guide you based on your condition.",
chronic kidney disease,Is chronic kidney disease contagious?,"Whether chronic kidney disease is contagious depends on its cause. If it's due to a viral or bacterial infection, it may spread through close contact. Consult a nephrologist for more details.",
chronic kidney disease,How does chronic kidney disease affect daily life?,"chronic kidney disease can impact daily activities by causing discomfort, fatigue, or limiting mobility. With proper treatment and lifestyle adjustments, many people successfully manage it.",
crohn's disease,What is crohn's disease?,"crohn's disease is a medical condition characterized by diarrhea,bloody stool,abdominal pain,weight loss. It can result from various factors like infections, genetic predisposition, or lifestyle habits. Early diagnosis and treatment can help manage it effectively.",
crohn's disease,What causes crohn's disease?,"The causes of crohn's disease vary but often include factors like infections, environmental exposure, genetic mutations, and poor lifestyle habits. A gastroenterologist can help identify the specific cause in your case.",
crohn's disease,What are the symptoms of crohn's disease?,"Common symptoms of crohn's disease include diarrhea,bloody stool,abdominal pain,weight loss. If you experience these symptoms, it is advisable to consult a gastroenterologist for proper evaluation.",
crohn's disease,How is crohn's disease diagnosed?,"crohn's disease is diagnosed using methods such as physical examinations, blood tests, imaging scans, and laboratory tests. A gastroenterologist will determine the best approach based on your symptoms.",
crohn's disease,What treatments are available for crohn's disease?,"Treatment for crohn's disease typically includes medication,surgery, along with lifestyle modifications and medications. Consultation with a gastroenterologist is essential for proper treatment guidance.",
crohn's disease,Which doctor should I consult for crohn's disease?,"If you have crohn's disease, you should consult a gastroenterologist, who specializes in diagnosing and treating this condition.",
crohn's disease,What foods should I eat or avoid if I have crohn's disease?,"A recommended diet for crohn's disease includes nutrient-rich foods like leafy greens, lean proteins, and whole grains. Avoid processed foods, high sugar, and excessive salt.",
crohn's disease,How can I prevent crohn's disease?,"Preventing crohn's disease involves maintaining a healthy lifestyle, regular exercise, proper diet, and avoiding risk factors such as smoking or alcohol consumption.",
crohn's disease,When should I seek medical help for crohn's disease?,"Seek medical help if you experience persistent or worsening symptoms of crohn's disease, such as diarrhea,bloody stool,abdominal pain,weight loss. Early intervention can prevent complications.",
crohn's disease,Are there any home remedies for crohn's disease?,"Some home remedies for crohn's disease include staying hydrated, consuming anti-inflammatory foods, and getting enough rest. However, professional medical advice is recommended.",
crohn's disease,Can crohn's disease be cured completely?,"Some cases of crohn's disease can be cured completely with early detection and proper treatment, while others require lifelong management. A gastroenterologist can guide you based on your condition.",
crohn's disease,Is crohn's disease contagious?,"Whether crohn's disease is contagious depends on its cause. If it's due to a viral or bacterial infection, it may spread through close contact. Consult a gastroenterologist for more details.",
crohn's disease,How does crohn's disease affect daily life?,"crohn's disease can impact daily activities by causing discomfort, fatigue, or limiting mobility. With proper treatment and lifestyle adjustments, many people successfully manage it.",
epilepsy ,What is epilepsy ?,"epilepsy  is a medical condition characterized by seizures. It can result from various factors like infections, genetic predisposition, or lifestyle habits. Early diagnosis and treatment can help manage it effectively.",
epilepsy ,What causes epilepsy ?,"The causes of epilepsy  vary but often include factors like infections, environmental exposure, genetic mutations, and poor lifestyle habits. A neurologist can help identify the specific cause in your case.",
epilepsy ,What are the symptoms of epilepsy ?,"Common symptoms of epilepsy  include seizures. If you experience these symptoms, it is advisable to consult a neurologist for proper evaluation.",
epilepsy ,How is epilepsy  diagnosed?,"epilepsy  is diagnosed using methods such as physical examinations, blood tests, imaging scans, and laboratory tests. A neurologist will determine the best approach based on your symptoms.",
epilepsy ,What treatments are available for epilepsy ?,"Treatment for epilepsy  typically includes medication,surgery, along with lifestyle modifications and medications. Consultation with a neurologist is essential for proper treatment guidance.",
epilepsy ,Which doctor should I consult for epilepsy ?,"If you have epilepsy , you should consult a neurologist, who specializes in diagnosing and treating this condition.",
epilepsy ,What foods should I eat or avoid if I have epilepsy ?,"A recommended diet for epilepsy  includes nutrient-rich foods like leafy greens, lean proteins, and whole grains. Avoid processed foods, high sugar, and excessive salt.",
epilepsy ,How can I prevent epilepsy ?,"Preventing epilepsy  involves maintaining a healthy lifestyle, regular exercise, proper diet, and avoiding risk factors such as smoking or alcohol consumption.",
epilepsy ,When should I seek medical help for epilepsy ?,"Seek medical help if you experience persistent or worsening symptoms of epilepsy , such as seizures. Early intervention can prevent complications.",
epilepsy ,Are there any home remedies for epilepsy ?,"Some home remedies for epilepsy  include staying hydrated, consuming anti-inflammatory foods, and getting enough rest. However, professional medical advice is recommended.",
epilepsy ,Can epilepsy  be cured completely?,"Some cases of epilepsy  can be cured completely with early detection and proper treatment, while others require lifelong management. A neurologist can guide you based on your condition.",
epilepsy ,Is epilepsy  contagious?,"Whether epilepsy  is contagious depends on its cause. If it's due to a viral or bacterial infection, it may spread through close contact. Consult a neurologist for more details.",
epilepsy ,How does epilepsy  affect daily life?,"epilepsy  can impact daily activities by causing discomfort, fatigue, or limiting mobility. With proper treatment and lifestyle adjustments, many people successfully manage it.",
fibromyalgia,What is fibromyalgia?,"fibromyalgia is a medical condition characterized by widespread pain,fatigue,tenderness. It can result from various factors like infections, genetic predisposition, or lifestyle habits. Early diagnosis and treatment can help manage it effectively.",
fibromyalgia,What causes fibromyalgia?,"The causes of fibromyalgia vary but often include factors like infections, environmental exposure, genetic mutations, and poor lifestyle habits. A rheumatologist can help identify the specific cause in your case.",
fibromyalgia,What are the symptoms of fibromyalgia?,"Common symptoms of fibromyalgia include widespread pain,fatigue,tenderness. If you experience these symptoms, it is advisable to consult a rheumatologist for proper evaluation.",
fibromyalgia,How is fibromyalgia diagnosed?,"fibromyalgia is diagnosed using methods such as physical examinations, blood tests, imaging scans, and laboratory tests. A rheumatologist will determine the best approach based on your symptoms.",
fibromyalgia,What treatments are available for fibromyalgia?,"Treatment for fibromyalgia typically includes medication,lifestyle changes, along with lifestyle modifications and medications. Consultation with a rheumatologist is essential for proper treatment guidance.",
fibromyalgia,Which doctor should I consult for fibromyalgia?,"If you have fibromyalgia, you should consult a rheumatologist, who specializes in diagnosing and treating this condition.",
fibromyalgia,What foods should I eat or avoid if I have fibromyalgia?,"A recommended diet for fibromyalgia includes nutrient-rich foods like leafy greens, lean proteins, and whole grains. Avoid processed foods, high sugar, and excessive salt.",
fibromyalgia,How can I prevent fibromyalgia?,"Preventing fibromyalgia involves maintaining a healthy lifestyle, regular exercise, proper diet, and avoiding risk factors such as smoking or alcohol consumption.",
fibromyalgia,When should I seek medical help for fibromyalgia?,"Seek medical help if you experience persistent or worsening symptoms of fibromyalgia, such as widespread pain,fatigue,tenderness. Early intervention can prevent complications.",
fibromyalgia,Are there any home remedies for fibromyalgia?,"Some home remedies for fibromyalgia include staying hydrated, consuming anti-inflammatory foods, and getting enough rest. However, professional medical advice is recommended.",
fibromyalgia,Can fibromyalgia be cured completely?,"Some cases of fibromyalgia can be cured completely with early detection and proper treatment, while others require lifelong management. A rheumatologist can guide you based on your condition.",
fibromyalgia,Is fibromyalgia contagious?,"Whether fibromyalgia is contagious depends on its cause. If it's due to a viral or bacterial infection, it may spread through close contact. Consult a rheumatologist for more details.",
fibromyalgia,How does fibromyalgia affect daily life?,"fibromyalgia can impact daily activities by causing discomfort, fatigue, or limiting mobility. With proper treatment and lifestyle adjustments, many people successfully manage it.",
graves' disease,What is graves' disease?,"graves' disease is a medical condition characterized by hyperthyroidism,which is an overactive thyroid. It can result from various factors like infections, genetic predisposition, or lifestyle habits. Early diagnosis and treatment can help manage it effectively.",
graves' disease,What causes graves' disease?,"The causes of graves' disease vary but often include factors like infections, environmental exposure, genetic mutations, and poor lifestyle habits. A endocrinologist can help identify the specific cause in your case.",
graves' disease,What are the symptoms of graves' disease?,"Common symptoms of graves' disease include hyperthyroidism,which is an overactive thyroid. If you experience these symptoms, it is advisable to consult a endocrinologist for proper evaluation.",
graves' disease,How is graves' disease diagnosed?,"graves' disease is diagnosed using methods such as physical examinations, blood tests, imaging scans, and laboratory tests. A endocrinologist will determine the best approach based on your symptoms.",
graves' disease,What treatments are available for graves' disease?,"Treatment for graves' disease typically includes medication,surgery, along with lifestyle modifications and medications. Consultation with a endocrinologist is essential for proper treatment guidance.",
graves' disease,Which doctor should I consult for graves' disease?,"If you have graves' disease, you should consult a endocrinologist, who specializes in diagnosing and treating this condition.",
graves' disease,What foods should I eat or avoid if I have graves' disease?,"A recommended diet for graves' disease includes nutrient-rich foods like leafy greens, lean proteins, and whole grains. Avoid processed foods, high sugar, and excessive salt.",
graves' disease,How can I prevent graves' disease?,"Preventing graves' disease involves maintaining a healthy lifestyle, regular exercise, proper diet, and avoiding risk factors such as smoking or alcohol consumption.",
graves' disease,When should I seek medical help for graves' disease?,"Seek medical help if you experience persistent or worsening symptoms of graves' disease, such as hyperthyroidism,which is an overactive thyroid. Early intervention can prevent complications.",
graves' disease,Are there any home remedies for graves' disease?,"Some home remedies for graves' disease include staying hydrated, consuming anti-inflammatory foods, and getting enough rest. However, professional medical advice is recommended.",
graves' disease,Can graves' disease be cured completely?,"Some cases of graves' disease can be cured completely with early detection and proper treatment, while others require lifelong management. A endocrinologist can guide you based on your condition.",
graves' disease,Is graves' disease contagious?,"Whether graves' disease is contagious depends on its cause. If it's due to a viral or bacterial infection, it may spread through close contact. Consult a endocrinologist for more details.",
graves' disease,How does graves' disease affect daily life?,"graves' disease can impact daily activities by causing discomfort, fatigue, or limiting mobility. With proper treatment and lifestyle adjustments, many people successfully manage it.",
hashimoto's thyroiditis ,What is hashimoto's thyroiditis ?,"hashimoto's thyroiditis  is a medical condition characterized by hypothyroidism,which is an underactive thyroid . It can result from various factors like infections, genetic predisposition, or lifestyle habits. Early diagnosis and treatment can help manage it effectively.",
hashimoto's thyroiditis ,What causes hashimoto's thyroiditis ?,"The causes of hashimoto's thyroiditis  vary but often include factors like infections, environmental exposure, genetic mutations, and poor lifestyle habits. A endocrinologist can help identify the specific cause in your case.",
hashimoto's thyroiditis ,What are the symptoms of hashimoto's thyroiditis ?,"Common symptoms of hashimoto's thyroiditis  include hypothyroidism,which is an underactive thyroid . If you experience these symptoms, it is advisable to consult a endocrinologist for proper evaluation.",
hashimoto's thyroiditis ,How is hashimoto's thyroiditis  diagnosed?,"hashimoto's thyroiditis  is diagnosed using methods such as physical examinations, blood tests, imaging scans, and laboratory tests. A endocrinologist will determine the best approach based on your symptoms.",
hashimoto's thyroiditis ,What treatments are available for hashimoto's thyroiditis ?,"Treatment for hashimoto's thyroiditis  typically includes medication, along with lifestyle modifications and medications. Consultation with a endocrinologist is essential for proper treatment guidance.",
hashimoto's thyroiditis ,Which doctor should I consult for hashimoto's thyroiditis ?,"If you have hashimoto's thyroiditis , you should consult a endocrinologist, who specializes in diagnosing and treating this condition.",
hashimoto's thyroiditis ,What foods should I eat or avoid if I have hashimoto's thyroiditis ?,"A recommended diet for hashimoto's thyroiditis  includes nutrient-rich foods like leafy greens, lean proteins, and whole grains. Avoid processed foods, high sugar, and excessive salt.",
hashimoto's thyroiditis ,How can I prevent hashimoto's thyroiditis ?,"Preventing hashimoto's thyroiditis  involves maintaining a healthy lifestyle, regular exercise, proper diet, and avoiding risk factors such as smoking or alcohol consumption.",
hashimoto's thyroiditis ,When should I seek medical help for hashimoto's thyroiditis ?,"Seek medical help if you experience persistent or worsening symptoms of hashimoto's thyroiditis , such as hypothyroidism,which is an underactive thyroid . Early intervention can prevent complications.",
hashimoto's thyroiditis ,Are there any home remedies for hashimoto's thyroiditis ?,"Some home remedies for hashimoto's thyroiditis  include staying hydrated, consuming anti-inflammatory foods, and getting enough rest. However, professional medical advice is recommended.",
hashimoto's thyroiditis ,Can hashimoto's thyroiditis  be cured completely?,"Some cases of hashimoto's thyroiditis  can be cured completely with early detection and proper treatment, while others require lifelong management. A endocrinologist can guide you based on your condition.",
hashimoto's thyroiditis ,Is hashimoto's thyroiditis  contagious?,"Whether hashimoto's thyroiditis  is contagious depends on its cause. If it's due to a viral or bacterial infection, it may spread through close contact. Consult a endocrinologist for more details.",
hashimoto's thyroiditis ,How does hashimoto's thyroiditis  affect daily life?,"hashimoto's thyroiditis  can impact daily activities by causing discomfort, fatigue, or limiting mobility. With proper treatment and lifestyle adjustments, many people successfully manage it.",
lupus,What is lupus?,"lupus is a medical condition characterized by chronic autoimmune disease that can affect any part of the body. It can result from various factors like infections, genetic predisposition, or lifestyle habits. Early diagnosis and treatment can help manage it effectively.",
lupus,What causes lupus?,"The causes of lupus vary but often include factors like infections, environmental exposure, genetic mutations, and poor lifestyle habits. A rheumatologist  can help identify the specific cause in your case.",
lupus,What are the symptoms of lupus?,"Common symptoms of lupus include chronic autoimmune disease that can affect any part of the body. If you experience these symptoms, it is advisable to consult a rheumatologist  for proper evaluation.",
lupus,How is lupus diagnosed?,"lupus is diagnosed using methods such as physical examinations, blood tests, imaging scans, and laboratory tests. A rheumatologist  will determine the best approach based on your symptoms.",
lupus,What treatments are available for lupus?,"Treatment for lupus typically includes medication,lifestyle changes, along with lifestyle modifications and medications. Consultation with a rheumatologist  is essential for proper treatment guidance.",
lupus,Which doctor should I consult for lupus?,"If you have lupus, you should consult a rheumatologist , who specializes in diagnosing and treating this condition.",
lupus,What foods should I eat or avoid if I have lupus?,"A recommended diet for lupus includes nutrient-rich foods like leafy greens, lean proteins, and whole grains. Avoid processed foods, high sugar, and excessive salt.",
lupus,How can I prevent lupus?,"Preventing lupus involves maintaining a healthy lifestyle, regular exercise, proper diet, and avoiding risk factors such as smoking or alcohol consumption.",
lupus,When should I seek medical help for lupus?,"Seek medical help if you experience persistent or worsening symptoms of lupus, such as chronic autoimmune disease that can affect any part of the body. Early intervention can prevent complications.",
lupus,Are there any home remedies for lupus?,"Some home remedies for lupus include staying hydrated, consuming anti-inflammatory foods, and getting enough rest. However, professional medical advice is recommended.",
lupus,Can lupus be cured completely?,"Some cases of lupus can be cured completely with early detection and proper treatment, while others require lifelong management. A rheumatologist  can guide you based on your condition.",
lupus,Is lupus contagious?,"Whether lupus is contagious depends on its cause. If it's due to a viral or bacterial infection, it may spread through close contact. Consult a rheumatologist  for more details.",
lupus,How does lupus affect daily life?,"lupus can impact daily activities by causing discomfort, fatigue, or limiting mobility. With proper treatment and lifestyle adjustments, many people successfully manage it.",
General Doctor Specialization,What does a Cardiologist do?,"A Cardiologist specializes in diagnosing and treating heart-related conditions such as heart attacks, hypertension, and arrhythmias. They use tests like ECG, echocardiograms, and stress tests to evaluate heart health. You should consult a cardiologist if you experience chest pain, high blood pressure, or irregular heartbeats.",
General Doctor Specialization,What does a Neurologist do?,"A Neurologist specializes in treating diseases of the nervous system, including the brain, spinal cord, and nerves. They diagnose and manage conditions like migraines, epilepsy, Parkinson’s disease, and strokes. If you have symptoms like frequent headaches, dizziness, or memory loss, a neurologist can help.",
General Doctor Specialization,What does an Orthopedic doctor do?,"An Orthopedic doctor specializes in conditions related to bones, joints, muscles, and ligaments. They treat fractures, arthritis, back pain, and sports injuries. If you have persistent joint pain or mobility issues, consulting an orthopedic doctor is recommended.",
General Doctor Specialization,What does a Dermatologist do?,"A Dermatologist specializes in skin, hair, and nail disorders. They diagnose and treat acne, eczema, psoriasis, skin infections, and skin cancer. If you have persistent skin issues or unusual moles, it's best to see a dermatologist.",
General Doctor Specialization,What does a Gastroenterologist do?,"A Gastroenterologist focuses on digestive system disorders, including acid reflux, ulcers, IBS, and liver disease. If you have persistent stomach pain, bloating, or changes in bowel movements, a gastroenterologist can help.",
General Doctor Specialization,What does an Endocrinologist do?,"An Endocrinologist specializes in hormonal imbalances and gland-related disorders such as diabetes, thyroid problems, and PCOS. If you have symptoms like fatigue, weight fluctuations, or irregular periods, you should see an endocrinologist.",
General Doctor Specialization,What does a Pulmonologist do?,"A Pulmonologist treats lung and respiratory conditions such as asthma, pneumonia, and COPD. If you have chronic cough, shortness of breath, or frequent lung infections, a pulmonologist can assist.",
General Doctor Specialization,What does a Nephrologist do?,"A Nephrologist specializes in kidney-related diseases, including kidney failure, kidney stones, and chronic kidney disease. If you have symptoms like swelling, high blood pressure, or frequent urination issues, consult a nephrologist.",
General Doctor Specialization,What does a Psychiatrist do?,"A Psychiatrist focuses on mental health conditions such as depression, anxiety, schizophrenia, and PTSD. They provide therapy, counseling, and medications to help manage mental health disorders.",
General Doctor Specialization,What does a Rheumatologist do?,"A Rheumatologist treats autoimmune and inflammatory conditions like arthritis, lupus, and fibromyalgia. If you experience joint pain, swelling, or stiffness, you may need to see a rheumatologist.",
General Doctor Specialization,What does a Pediatrician do?,"A Pediatrician specializes in healthcare for infants, children, and adolescents. They provide vaccinations, growth monitoring, and treatment for childhood illnesses.",
General Health,How can I improve my immune system?,"To boost your immune system, eat a balanced diet rich in fruits, vegetables, and proteins. Stay hydrated, exercise regularly, get enough sleep, and manage stress. Consider foods like citrus fruits, garlic, and yogurt for better immunity. Avoid smoking and excessive alcohol consumption.",
General Health,What are some signs of a weak immune system?,"Signs of a weak immune system include frequent colds, slow wound healing, digestive issues, fatigue, and recurring infections. If you experience these symptoms often, consult a doctor for an immune health assessment.",
General Health,What are the benefits of regular exercise?,"Regular exercise helps improve heart health, boosts metabolism, strengthens muscles, and enhances mental well-being. It also reduces the risk of chronic diseases like diabetes and hypertension. Aim for at least 30 minutes of moderate exercise daily.",
General Health,How can I reduce stress naturally?,"You can reduce stress naturally by practicing meditation, deep breathing exercises, yoga, and engaging in hobbies like music or painting. Spending time in nature and maintaining social connections also help lower stress levels.",
General Health,What are the best foods for brain health?,"Foods rich in omega-3 fatty acids, antioxidants, and vitamins support brain health. Include fatty fish (salmon, tuna), berries, nuts, dark chocolate, and leafy greens in your diet to improve memory and cognitive function.",
General Health,How much water should I drink daily?,"On average, men should drink about 3.7 liters (125 oz) of water daily, and women should aim for 2.7 liters (91 oz). However, this varies based on activity level, climate, and individual needs. Listen to your body's signals and stay hydrated.",
General Health,What are the early symptoms of diabetes?,"Early symptoms of diabetes include frequent urination, excessive thirst, unexplained weight loss, fatigue, and slow-healing wounds. If you experience these symptoms, consider checking your blood sugar levels.",
General Health,How can I get better sleep?,"For better sleep, maintain a consistent sleep schedule, avoid screens before bedtime, reduce caffeine intake, and create a relaxing bedtime routine. A comfortable mattress and a dark, quiet room also improve sleep quality.",
Greetings,Hi,Hello this is healthcare chatbot. ,
Greetings,Hello,Hi this is health care chatbot.,
Negative,Give me code for the calculator,Sorry I don�t have information regarding the topic,
Negative ,Can you sing a song,Sorry I don�t have information regarding the topic,
Positive,Can you suggest me some medication,It is always good to consult a doctor for medication however the common drugs used for your disease is ,
